Session Information:,,,,Device Information:,,,,Oarlock Information:,,,,Oarlock Settings:

Name:,JustGo-6237M,,,Name:,SpdCoach 2268560,,,Firmware:,---,,,Boat ID:,---
Start Time:,04/21/23 05:01am,,,Model:,SpeedCoach GPS Pro,,,,,,,Seat Number:,---
Type:,Just Go,,,Serial:,2268560,,,,,,,Port Starboard:,---
System of Units:,Meters/Split500,,,Firmware Version:,2.22,,,,,,,Oar Length:,---
Speed Input:,GPS,,,Profile Version:,0.02,,,,,,,Inboard Length:,---
,,,,Hardware Version:,Rev 11
,,,,LiNK Version:,1.32


Session Summary:

Total Intervals,Total Distance (GPS),Total Distance (IMP),Total Elapsed Time,Avg Split (GPS),Avg Speed (GPS),Avg Split (IMP),Avg Speed (IMP),Avg Stroke Rate,Total Strokes,Distance/Stroke (GPS),Distance/Stroke (IMP),Avg Heart Rate,Avg Power,Avg Catch,Avg Slip,Avg Finish,Avg Wash,Avg Force Avg,Avg Work,Avg Force Max,Avg Max Force Angle,Start GPS Lat.,Start GPS Lon.
(Interval),(Meters),(Meters),(HH:MM:SS.tenths),(/500),(M/S),(/500),(M/S),(SPM),(Strokes),(Meters),(Meters),(BPM),(Watts),(Degrees),(Degrees),(Degrees),(Degrees),(Newtons),(Joules),(Newtons),(Degrees),(Degrees),(Degrees)
1,6237.3,0.0,00:36:18.1,00:02:54.8,2.86,00:00:00.0,0.00,15.0,514,12.1,0.0,---,---,---,---,---,---,---,---,---,---,52.35184760,0.02830200


Interval Summaries:

Interval,Total Distance (GPS),Total Distance (IMP),Total Elapsed Time,Avg Split (GPS),Avg Speed (GPS),Avg Split (IMP),Avg Speed (IMP),Avg Stroke Rate,Total Strokes,Distance/Stroke (GPS),Distance/Stroke (IMP),Avg Heart Rate,Avg Power,Avg Catch,Avg Slip,Avg Finish,Avg Wash,Avg Force Avg,Avg Work,Avg Force Max,Avg Max Force Angle,Start GPS Lat.,Start GPS Lon.
(Interval),(Meters),(Meters),(HH:MM:SS.tenths),(/500),(M/S),(/500),(M/S),(SPM),(Strokes),(Meters),(Meters),(BPM),(Watts),(Degrees),(Degrees),(Degrees),(Degrees),(Newtons),(Joules),(Newtons),(Degrees),(Degrees),(Degrees)
1,6237.3,0.0,00:36:18.1,00:02:54.8,2.86,00:00:00.0,0.00,15.0,514,12.1,0.0,---,---,---,---,---,---,---,---,---,---,52.35184760,0.02830200



Per-Stroke Data:

Interval,Distance (GPS),Distance (IMP),Elapsed Time,Split (GPS),Speed (GPS),Split (IMP),Speed (IMP),Stroke Rate,Total Strokes,Distance/Stroke (GPS),Distance/Stroke (IMP),Heart Rate,Power,Catch,Slip,Finish,Wash,Force Avg,Work,Force Max,Max Force Angle,GPS Lat.,GPS Lon.
(Interval),(Meters),(Meters),(HH:MM:SS.tenths),(/500),(M/S),(/500),(M/S),(SPM),(Strokes),(Meters),(Meters),(BPM),(Watts),(Degrees),(Degrees),(Degrees),(Degrees),(Newtons),(Joules),(Newtons),(Degrees),(Degrees),(Degrees)
1,1.8,0.0,00:00:02.4,00:22:31.3,0.37,00:00:00.0,0.00,24.5,1,1.8,0.0,---,---,---,---,---,---,---,---,---,---,52.35184760,0.02830200
1,4.3,0.0,00:00:04.0,00:06:43.2,1.24,00:00:00.0,0.00,28.5,2,2.5,0.0,---,---,---,---,---,---,---,---,---,---,52.35184650,0.02833880
1,13.3,0.0,00:00:08.2,00:04:24.5,1.89,00:00:00.0,0.00,14.5,3,8.9,0.0,---,---,---,---,---,---,---,---,---,---,52.35183800,0.02846980
1,23.1,0.0,00:00:12.2,00:03:42.2,2.25,00:00:00.0,0.00,15.0,4,9.8,0.0,---,---,---,---,---,---,---,---,---,---,52.35183640,0.02861360
1,32.9,0.0,00:00:16.0,00:03:19.2,2.51,00:00:00.0,0.00,15.5,5,9.8,0.0,---,---,---,---,---,---,---,---,---,---,52.35183570,0.02875820
1,43.1,0.0,00:00:20.0,00:03:16.0,2.55,00:00:00.0,0.00,15.0,6,10.2,0.0,---,---,---,---,---,---,---,---,---,---,52.35184190,0.02890740
1,53.5,0.0,00:00:24.1,00:03:14.5,2.57,00:00:00.0,0.00,15.5,7,10.4,0.0,---,---,---,---,---,---,---,---,---,---,52.35185830,0.02905790
1,63.8,0.0,00:00:27.8,00:03:09.3,2.64,00:00:00.0,0.00,15.0,8,10.3,0.0,---,---,---,---,---,---,---,---,---,---,52.35188080,0.02920550
1,74.7,0.0,00:00:31.8,00:03:07.2,2.67,00:00:00.0,0.00,15.0,9,10.8,0.0,---,---,---,---,---,---,---,---,---,---,52.35191000,0.02935760
1,94.6,0.0,00:00:41.7,00:04:47.3,1.74,00:00:00.0,0.00,29.5,10,19.9,0.0,---,---,---,---,---,---,---,---,---,---,52.35205400,0.02986890
1,97.6,0.0,00:00:43.5,00:06:13.1,1.34,00:00:00.0,0.00,24.5,11,3.1,0.0,---,---,---,---,---,---,---,---,---,---,52.35207090,0.02990460
1,106.5,0.0,00:00:47.5,00:04:15.1,1.96,00:00:00.0,0.00,15.0,12,8.9,0.0,---,---,---,---,---,---,---,---,---,---,52.35211560,0.03001330
1,116.8,0.0,00:00:51.5,00:03:33.6,2.34,00:00:00.0,0.00,15.0,13,10.3,0.0,---,---,---,---,---,---,---,---,---,---,52.35215830,0.03014800
1,128.1,0.0,00:00:55.5,00:03:07.9,2.66,00:00:00.0,0.00,15.5,14,11.3,0.0,---,---,---,---,---,---,---,---,---,---,52.35220550,0.03029450
1,139.2,0.0,00:00:59.5,00:02:59.8,2.78,00:00:00.0,0.00,15.0,15,11.1,0.0,---,---,---,---,---,---,---,---,---,---,52.35225290,0.03043860
1,150.3,0.0,00:01:03.5,00:03:00.5,2.77,00:00:00.0,0.00,15.5,16,11.0,0.0,---,---,---,---,---,---,---,---,---,---,52.35229420,0.03058600
1,161.0,0.0,00:01:07.3,00:03:00.5,2.77,00:00:00.0,0.00,15.0,17,10.7,0.0,---,---,---,---,---,---,---,---,---,---,52.35233000,0.03073260
1,172.5,0.0,00:01:11.3,00:02:57.9,2.81,00:00:00.0,0.00,15.0,18,11.5,0.0,---,---,---,---,---,---,---,---,---,---,52.35236870,0.03088930
1,184.2,0.0,00:01:15.3,00:02:53.6,2.88,00:00:00.0,0.00,15.5,19,11.7,0.0,---,---,---,---,---,---,---,---,---,---,52.35240900,0.03104870
1,195.6,0.0,00:01:19.1,00:02:48.9,2.96,00:00:00.0,0.00,15.5,20,11.3,0.0,---,---,---,---,---,---,---,---,---,---,52.35244620,0.03120380
1,206.4,0.0,00:01:22.9,00:02:49.4,2.95,00:00:00.0,0.00,15.5,21,10.9,0.0,---,---,---,---,---,---,---,---,---,---,52.35248250,0.03135210
1,218.7,0.0,00:01:26.9,00:02:47.7,2.98,00:00:00.0,0.00,15.5,22,12.2,0.0,---,---,---,---,---,---,---,---,---,---,52.35252880,0.03151550
1,230.6,0.0,00:01:30.9,00:02:45.5,3.02,00:00:00.0,0.00,15.0,23,12.0,0.0,---,---,---,---,---,---,---,---,---,---,52.35257640,0.03167340
1,242.2,0.0,00:01:34.9,00:02:46.6,3.00,00:00:00.0,0.00,15.5,24,11.6,0.0,---,---,---,---,---,---,---,---,---,---,52.35262630,0.03182270
1,254.3,0.0,00:01:38.9,00:02:48.9,2.96,00:00:00.0,0.00,14.5,25,12.1,0.0,---,---,---,---,---,---,---,---,---,---,52.35267970,0.03197730
1,265.3,0.0,00:01:42.7,00:02:51.8,2.91,00:00:00.0,0.00,15.5,26,11.0,0.0,---,---,---,---,---,---,---,---,---,---,52.35272670,0.03212020
1,277.0,0.0,00:01:46.9,00:02:53.6,2.88,00:00:00.0,0.00,15.0,27,11.7,0.0,---,---,---,---,---,---,---,---,---,---,52.35277790,0.03226970
1,288.6,0.0,00:01:50.7,00:02:53.0,2.89,00:00:00.0,0.00,15.0,28,11.7,0.0,---,---,---,---,---,---,---,---,---,---,52.35283040,0.03241830
1,300.3,0.0,00:01:54.7,00:02:52.4,2.90,00:00:00.0,0.00,15.5,29,11.7,0.0,---,---,---,---,---,---,---,---,---,---,52.35287880,0.03257040
1,312.2,0.0,00:01:58.9,00:02:51.8,2.91,00:00:00.0,0.00,14.5,30,11.9,0.0,---,---,---,---,---,---,---,---,---,---,52.35293010,0.03272330
1,324.4,0.0,00:02:02.9,00:02:52.4,2.90,00:00:00.0,0.00,14.5,31,12.2,0.0,---,---,---,---,---,---,---,---,---,---,52.35298220,0.03288090
1,335.9,0.0,00:02:06.9,00:02:53.6,2.88,00:00:00.0,0.00,14.5,32,11.5,0.0,---,---,---,---,---,---,---,---,---,---,52.35302890,0.03303250
1,347.0,0.0,00:02:10.9,00:02:54.2,2.87,00:00:00.0,0.00,15.5,33,11.1,0.0,---,---,---,---,---,---,---,---,---,---,52.35307060,0.03318070
1,359.0,0.0,00:02:14.9,00:02:54.2,2.87,00:00:00.0,0.00,14.5,34,12.0,0.0,---,---,---,---,---,---,---,---,---,---,52.35311030,0.03334450
1,371.2,0.0,00:02:19.1,00:02:52.4,2.90,00:00:00.0,0.00,14.5,35,12.3,0.0,---,---,---,---,---,---,---,---,---,---,52.35314750,0.03351420
1,382.1,0.0,00:02:22.9,00:02:51.2,2.92,00:00:00.0,0.00,14.5,36,10.8,0.0,---,---,---,---,---,---,---,---,---,---,52.35318210,0.03366300
1,394.4,0.0,00:02:27.1,00:02:51.8,2.91,00:00:00.0,0.00,15.0,37,12.3,0.0,---,---,---,---,---,---,---,---,---,---,52.35322130,0.03383290
1,405.8,0.0,00:02:31.1,00:02:53.0,2.89,00:00:00.0,0.00,15.0,38,11.4,0.0,---,---,---,---,---,---,---,---,---,---,52.35325750,0.03399030
1,427.0,0.0,00:02:40.8,00:04:27.3,1.87,00:00:00.0,0.00,28.5,39,21.1,0.0,---,---,---,---,---,---,---,---,---,---,52.35342790,0.03461440
1,431.0,0.0,00:02:42.8,00:05:47.2,1.44,00:00:00.0,0.00,25.5,40,4.0,0.0,---,---,---,---,---,---,---,---,---,---,52.35344260,0.03466860
1,440.4,0.0,00:02:46.9,00:03:59.2,2.09,00:00:00.0,0.00,14.0,41,9.4,0.0,---,---,---,---,---,---,---,---,---,---,52.35346790,0.03480090
1,452.1,0.0,00:02:51.1,00:03:21.6,2.48,00:00:00.0,0.00,14.5,42,11.7,0.0,---,---,---,---,---,---,---,---,---,---,52.35349670,0.03496660
1,463.6,0.0,00:02:55.2,00:02:58.5,2.80,00:00:00.0,0.00,14.5,43,11.5,0.0,---,---,---,---,---,---,---,---,---,---,52.35351830,0.03513180
1,475.1,0.0,00:02:59.2,00:02:53.0,2.89,00:00:00.0,0.00,15.0,44,11.4,0.0,---,---,---,---,---,---,---,---,---,---,52.35353310,0.03529860
1,487.1,0.0,00:03:03.2,00:02:48.3,2.97,00:00:00.0,0.00,15.0,45,12.1,0.0,---,---,---,---,---,---,---,---,---,---,52.35354370,0.03547540
1,499.9,0.0,00:03:07.4,00:02:44.4,3.04,00:00:00.0,0.00,14.5,46,12.7,0.0,---,---,---,---,---,---,---,---,---,---,52.35355050,0.03566240
1,511.3,0.0,00:03:11.1,00:02:46.6,3.00,00:00:00.0,0.00,15.0,47,11.4,0.0,---,---,---,---,---,---,---,---,---,---,52.35354920,0.03582970
1,523.3,0.0,00:03:15.2,00:02:48.9,2.96,00:00:00.0,0.00,15.0,48,12.0,0.0,---,---,---,---,---,---,---,---,---,---,52.35354100,0.03600570
1,535.3,0.0,00:03:19.2,00:02:46.6,3.00,00:00:00.0,0.00,15.0,49,12.1,0.0,---,---,---,---,---,---,---,---,---,---,52.35353460,0.03618280
1,547.8,0.0,00:03:23.2,00:02:43.3,3.06,00:00:00.0,0.00,15.0,50,12.4,0.0,---,---,---,---,---,---,---,---,---,---,52.35352850,0.03636570
1,560.4,0.0,00:03:27.2,00:02:40.2,3.12,00:00:00.0,0.00,15.0,51,12.7,0.0,---,---,---,---,---,---,---,---,---,---,52.35352610,0.03655180
1,572.9,0.0,00:03:31.2,00:02:38.7,3.15,00:00:00.0,0.00,15.5,52,12.4,0.0,---,---,---,---,---,---,---,---,---,---,52.35352120,0.03673460
1,585.1,0.0,00:03:35.0,00:02:39.2,3.14,00:00:00.0,0.00,15.0,53,12.3,0.0,---,---,---,---,---,---,---,---,---,---,52.35351580,0.03691460
1,597.9,0.0,00:03:39.0,00:02:37.7,3.17,00:00:00.0,0.00,15.5,54,12.7,0.0,---,---,---,---,---,---,---,---,---,---,52.35350960,0.03710170
1,610.6,0.0,00:03:43.0,00:02:36.7,3.19,00:00:00.0,0.00,15.0,55,12.8,0.0,---,---,---,---,---,---,---,---,---,---,52.35351030,0.03728910
1,622.8,0.0,00:03:46.9,00:02:38.2,3.16,00:00:00.0,0.00,15.0,56,12.2,0.0,---,---,---,---,---,---,---,---,---,---,52.35350500,0.03746830
1,635.9,0.0,00:03:51.0,00:02:38.2,3.16,00:00:00.0,0.00,15.0,57,13.1,0.0,---,---,---,---,---,---,---,---,---,---,52.35349270,0.03766000
1,648.9,0.0,00:03:55.0,00:02:37.2,3.18,00:00:00.0,0.00,15.0,58,13.0,0.0,---,---,---,---,---,---,---,---,---,---,52.35346980,0.03784740
1,662.5,0.0,00:03:59.0,00:02:34.3,3.24,00:00:00.0,0.00,14.5,59,13.6,0.0,---,---,---,---,---,---,---,---,---,---,52.35344230,0.03804250
1,676.3,0.0,00:04:03.2,00:02:31.0,3.31,00:00:00.0,0.00,14.5,60,13.8,0.0,---,---,---,---,---,---,---,---,---,---,52.35341510,0.03823990
1,689.5,0.0,00:04:07.2,00:02:32.9,3.27,00:00:00.0,0.00,14.5,61,13.2,0.0,---,---,---,---,---,---,---,---,---,---,52.35338900,0.03842900
1,702.9,0.0,00:04:11.4,00:02:35.7,3.21,00:00:00.0,0.00,14.5,62,13.4,0.0,---,---,---,---,---,---,---,---,---,---,52.35336830,0.03862330
1,715.7,0.0,00:04:15.4,00:02:37.2,3.18,00:00:00.0,0.00,14.5,63,12.8,0.0,---,---,---,---,---,---,---,---,---,---,52.35334950,0.03880900
1,729.2,0.0,00:04:19.8,00:02:38.2,3.16,00:00:00.0,0.00,14.0,64,13.5,0.0,---,---,---,---,---,---,---,---,---,---,52.35332790,0.03900440
1,742.4,0.0,00:04:23.8,00:02:38.2,3.16,00:00:00.0,0.00,14.5,65,13.2,0.0,---,---,---,---,---,---,---,---,---,---,52.35329610,0.03919150
1,755.0,0.0,00:04:27.8,00:02:38.7,3.15,00:00:00.0,0.00,14.5,66,12.5,0.0,---,---,---,---,---,---,---,---,---,---,52.35326100,0.03936670
1,768.3,0.0,00:04:32.0,00:02:38.7,3.15,00:00:00.0,0.00,14.0,67,13.3,0.0,---,---,---,---,---,---,---,---,---,---,52.35322440,0.03955330
1,781.5,0.0,00:04:36.2,00:02:37.2,3.18,00:00:00.0,0.00,14.5,68,13.2,0.0,---,---,---,---,---,---,---,---,---,---,52.35318690,0.03973710
1,794.6,0.0,00:04:40.4,00:02:38.2,3.16,00:00:00.0,0.00,14.0,69,13.2,0.0,---,---,---,---,---,---,---,---,---,---,52.35315410,0.03992300
1,807.8,0.0,00:04:44.6,00:02:40.7,3.11,00:00:00.0,0.00,14.5,70,13.2,0.0,---,---,---,---,---,---,---,---,---,---,52.35312320,0.04011060
1,820.9,0.0,00:04:48.8,00:02:41.8,3.09,00:00:00.0,0.00,14.0,71,13.0,0.0,---,---,---,---,---,---,---,---,---,---,52.35309260,0.04029560
1,832.7,0.0,00:04:52.8,00:02:44.4,3.04,00:00:00.0,0.00,15.0,72,11.9,0.0,---,---,---,---,---,---,---,---,---,---,52.35306050,0.04046160
1,846.4,0.0,00:04:57.0,00:02:43.9,3.05,00:00:00.0,0.00,14.0,73,13.7,0.0,---,---,---,---,---,---,---,---,---,---,52.35302420,0.04065420
1,859.4,0.0,00:05:01.2,00:02:41.2,3.10,00:00:00.0,0.00,14.5,74,13.0,0.0,---,---,---,---,---,---,---,---,---,---,52.35300030,0.04084150
1,871.8,0.0,00:05:05.2,00:02:45.0,3.03,00:00:00.0,0.00,14.5,75,12.4,0.0,---,---,---,---,---,---,---,---,---,---,52.35297570,0.04101940
1,884.8,0.0,00:05:09.4,00:02:44.4,3.04,00:00:00.0,0.00,14.5,76,13.0,0.0,---,---,---,---,---,---,---,---,---,---,52.35295150,0.04120620
1,897.8,0.0,00:05:13.8,00:02:41.8,3.09,00:00:00.0,0.00,14.5,77,13.0,0.0,---,---,---,---,---,---,---,---,---,---,52.35292530,0.04139280
1,911.2,0.0,00:05:17.8,00:02:40.7,3.11,00:00:00.0,0.00,14.5,78,13.4,0.0,---,---,---,---,---,---,---,---,---,---,52.35289570,0.04158340
1,923.5,0.0,00:05:21.8,00:02:40.7,3.11,00:00:00.0,0.00,14.5,79,12.3,0.0,---,---,---,---,---,---,---,---,---,---,52.35286590,0.04175820
1,935.5,0.0,00:05:25.8,00:02:42.8,3.07,00:00:00.0,0.00,14.5,80,12.0,0.0,---,---,---,---,---,---,---,---,---,---,52.35283610,0.04192760
1,947.7,0.0,00:05:29.8,00:02:46.1,3.01,00:00:00.0,0.00,15.0,81,12.2,0.0,---,---,---,---,---,---,---,---,---,---,52.35280590,0.04210010
1,959.9,0.0,00:05:34.0,00:02:50.0,2.94,00:00:00.0,0.00,14.5,82,12.2,0.0,---,---,---,---,---,---,---,---,---,---,52.35278380,0.04227560
1,971.6,0.0,00:05:38.0,00:02:51.8,2.91,00:00:00.0,0.00,14.5,83,11.7,0.0,---,---,---,---,---,---,---,---,---,---,52.35276470,0.04244470
1,982.9,0.0,00:05:42.0,00:02:54.2,2.87,00:00:00.0,0.00,15.0,84,11.3,0.0,---,---,---,---,---,---,---,---,---,---,52.35274580,0.04260840
1,994.5,0.0,00:05:46.0,00:02:54.2,2.87,00:00:00.0,0.00,14.5,85,11.6,0.0,---,---,---,---,---,---,---,---,---,---,52.35273370,0.04277790
1,1006.5,0.0,00:05:50.2,00:02:54.2,2.87,00:00:00.0,0.00,14.5,86,12.0,0.0,---,---,---,---,---,---,---,---,---,---,52.35272790,0.04295410
1,1018.4,0.0,00:05:54.4,00:02:54.2,2.87,00:00:00.0,0.00,14.5,87,11.9,0.0,---,---,---,---,---,---,---,---,---,---,52.35273280,0.04312910
1,1029.8,0.0,00:05:58.4,00:02:53.6,2.88,00:00:00.0,0.00,14.5,88,11.4,0.0,---,---,---,---,---,---,---,---,---,---,52.35274790,0.04329420
1,1040.9,0.0,00:06:02.4,00:02:58.5,2.80,00:00:00.0,0.00,15.0,89,11.1,0.0,---,---,---,---,---,---,---,---,---,---,52.35277040,0.04345350
1,1052.2,0.0,00:06:06.4,00:03:00.5,2.77,00:00:00.0,0.00,14.5,90,11.3,0.0,---,---,---,---,---,---,---,---,---,---,52.35280550,0.04360950
1,1076.9,0.0,00:06:18.6,00:09:28.1,0.88,00:00:00.0,0.00,13.0,91,24.7,0.0,---,---,---,---,---,---,---,---,---,---,52.35297980,0.04399470
1,1083.9,0.0,00:06:22.6,00:05:14.4,1.59,00:00:00.0,0.00,15.0,92,7.0,0.0,---,---,---,---,---,---,---,---,---,---,52.35302930,0.04405900
1,1091.5,0.0,00:06:26.5,00:04:30.2,1.85,00:00:00.0,0.00,15.5,93,7.6,0.0,---,---,---,---,---,---,---,---,---,---,52.35307530,0.04412140
1,1103.2,0.0,00:06:30.6,00:03:59.2,2.09,00:00:00.0,0.00,15.0,94,11.7,0.0,---,---,---,---,---,---,---,---,---,---,52.35315810,0.04423330
1,1115.5,0.0,00:06:34.6,00:03:18.4,2.52,00:00:00.0,0.00,15.0,95,12.3,0.0,---,---,---,---,---,---,---,---,---,---,52.35324510,0.04434630
1,1127.1,0.0,00:06:38.4,00:02:59.2,2.79,00:00:00.0,0.00,15.0,96,11.6,0.0,---,---,---,---,---,---,---,---,---,---,52.35332590,0.04445340
1,1139.6,0.0,00:06:42.6,00:02:56.0,2.84,00:00:00.0,0.00,14.5,97,12.5,0.0,---,---,---,---,---,---,---,---,---,---,52.35340550,0.04458290
1,1151.6,0.0,00:06:46.6,00:02:56.6,2.83,00:00:00.0,0.00,14.5,98,12.0,0.0,---,---,---,---,---,---,---,---,---,---,52.35347860,0.04471260
1,1163.4,0.0,00:06:50.6,00:02:56.0,2.84,00:00:00.0,0.00,14.5,99,11.8,0.0,---,---,---,---,---,---,---,---,---,---,52.35355010,0.04484090
1,1175.3,0.0,00:06:54.8,00:02:55.4,2.85,00:00:00.0,0.00,14.5,100,11.9,0.0,---,---,---,---,---,---,---,---,---,---,52.35362050,0.04497180
1,1187.3,0.0,00:06:59.0,00:02:56.0,2.84,00:00:00.0,0.00,14.5,101,12.0,0.0,---,---,---,---,---,---,---,---,---,---,52.35369600,0.04509880
1,1199.3,0.0,00:07:03.0,00:02:56.0,2.84,00:00:00.0,0.00,15.0,102,12.0,0.0,---,---,---,---,---,---,---,---,---,---,52.35377400,0.04522020
1,1211.4,0.0,00:07:07.0,00:02:52.4,2.90,00:00:00.0,0.00,14.5,103,12.1,0.0,---,---,---,---,---,---,---,---,---,---,52.35385260,0.04534310
1,1223.8,0.0,00:07:11.4,00:02:50.6,2.93,00:00:00.0,0.00,14.5,104,12.3,0.0,---,---,---,---,---,---,---,---,---,---,52.35393520,0.04546400
1,1236.1,0.0,00:07:15.2,00:02:50.6,2.93,00:00:00.0,0.00,15.0,105,12.3,0.0,---,---,---,---,---,---,---,---,---,---,52.35402260,0.04557450
1,1247.8,0.0,00:07:19.2,00:02:50.6,2.93,00:00:00.0,0.00,14.5,106,11.8,0.0,---,---,---,---,---,---,---,---,---,---,52.35410340,0.04568600
1,1258.8,0.0,00:07:23.4,00:02:57.3,2.82,00:00:00.0,0.00,14.5,107,11.0,0.0,---,---,---,---,---,---,---,---,---,---,52.35418630,0.04577450
1,1269.5,0.0,00:07:27.2,00:03:07.2,2.67,00:00:00.0,0.00,14.5,108,10.7,0.0,---,---,---,---,---,---,---,---,---,---,52.35427140,0.04584770
1,1280.9,0.0,00:07:31.4,00:03:09.3,2.64,00:00:00.0,0.00,14.5,109,11.3,0.0,---,---,---,---,---,---,---,---,---,---,52.35436080,0.04592760
1,1291.8,0.0,00:07:35.4,00:03:04.5,2.71,00:00:00.0,0.00,15.0,110,11.0,0.0,---,---,---,---,---,---,---,---,---,---,52.35444560,0.04600960
1,1304.1,0.0,00:07:39.6,00:02:57.9,2.81,00:00:00.0,0.00,14.0,111,12.3,0.0,---,---,---,---,---,---,---,---,---,---,52.35454120,0.04609960
1,1316.2,0.0,00:07:43.8,00:02:55.4,2.85,00:00:00.0,0.00,14.5,112,12.1,0.0,---,---,---,---,---,---,---,---,---,---,52.35463500,0.04619060
1,1328.2,0.0,00:07:47.8,00:02:55.4,2.85,00:00:00.0,0.00,14.5,113,12.0,0.0,---,---,---,---,---,---,---,---,---,---,52.35472810,0.04627840
1,1339.6,0.0,00:07:52.0,00:02:57.3,2.82,00:00:00.0,0.00,14.5,114,11.4,0.0,---,---,---,---,---,---,---,---,---,---,52.35481310,0.04637280
1,1351.5,0.0,00:07:56.4,00:02:58.5,2.80,00:00:00.0,0.00,14.5,115,11.9,0.0,---,---,---,---,---,---,---,---,---,---,52.35490220,0.04646880
1,1363.5,0.0,00:08:00.4,00:02:56.0,2.84,00:00:00.0,0.00,14.5,116,12.0,0.0,---,---,---,---,---,---,---,---,---,---,52.35499400,0.04656140
1,1374.8,0.0,00:08:04.4,00:02:57.9,2.81,00:00:00.0,0.00,14.5,117,11.2,0.0,---,---,---,---,---,---,---,---,---,---,52.35508160,0.04664390
1,1386.5,0.0,00:08:08.5,00:02:59.2,2.79,00:00:00.0,0.00,14.5,118,11.7,0.0,---,---,---,---,---,---,---,---,---,---,52.35517360,0.04672740
1,1398.8,0.0,00:08:12.8,00:02:56.6,2.83,00:00:00.0,0.00,14.0,119,12.4,0.0,---,---,---,---,---,---,---,---,---,---,52.35526660,0.04682750
1,1411.1,0.0,00:08:17.0,00:02:55.4,2.85,00:00:00.0,0.00,14.5,120,12.3,0.0,---,---,---,---,---,---,---,---,---,---,52.35535490,0.04693510
1,1422.8,0.0,00:08:21.2,00:02:57.9,2.81,00:00:00.0,0.00,14.0,121,11.7,0.0,---,---,---,---,---,---,---,---,---,---,52.35543750,0.04704160
1,1434.8,0.0,00:08:25.6,00:03:03.1,2.73,00:00:00.0,0.00,14.0,122,12.0,0.0,---,---,---,---,---,---,---,---,---,---,52.35552040,0.04715460
1,1445.5,0.0,00:08:29.6,00:03:10.1,2.63,00:00:00.0,0.00,14.0,123,10.6,0.0,---,---,---,---,---,---,---,---,---,---,52.35558720,0.04726640
1,1456.1,0.0,00:08:34.0,00:03:20.8,2.49,00:00:00.0,0.00,14.0,124,10.7,0.0,---,---,---,---,---,---,---,---,---,---,52.35563910,0.04739860
1,1467.4,0.0,00:08:38.4,00:03:16.8,2.54,00:00:00.0,0.00,14.0,125,11.3,0.0,---,---,---,---,---,---,---,---,---,---,52.35569010,0.04754190
1,1479.1,0.0,00:08:42.4,00:03:05.8,2.69,00:00:00.0,0.00,14.5,126,11.7,0.0,---,---,---,---,---,---,---,---,---,---,52.35574140,0.04769150
1,1490.9,0.0,00:08:46.6,00:03:01.8,2.75,00:00:00.0,0.00,14.0,127,11.8,0.0,---,---,---,---,---,---,---,---,---,---,52.35578920,0.04784660
1,1502.5,0.0,00:08:50.8,00:03:01.8,2.75,00:00:00.0,0.00,14.5,128,11.6,0.0,---,---,---,---,---,---,---,---,---,---,52.35583940,0.04799670
1,1514.3,0.0,00:08:55.0,00:03:01.8,2.75,00:00:00.0,0.00,14.5,129,11.8,0.0,---,---,---,---,---,---,---,---,---,---,52.35589770,0.04814090
1,1525.9,0.0,00:08:59.4,00:03:01.1,2.76,00:00:00.0,0.00,14.0,130,11.6,0.0,---,---,---,---,---,---,---,---,---,---,52.35595940,0.04827920
1,1537.3,0.0,00:09:03.4,00:03:05.8,2.69,00:00:00.0,0.00,14.0,131,11.4,0.0,---,---,---,---,---,---,---,---,---,---,52.35602470,0.04840900
1,1549.1,0.0,00:09:07.8,00:03:07.9,2.66,00:00:00.0,0.00,14.0,132,11.8,0.0,---,---,---,---,---,---,---,---,---,---,52.35609370,0.04854010
1,1560.0,0.0,00:09:12.0,00:03:09.3,2.64,00:00:00.0,0.00,14.0,133,10.9,0.0,---,---,---,---,---,---,---,---,---,---,52.35615300,0.04866840
1,1571.1,0.0,00:09:16.2,00:03:10.1,2.63,00:00:00.0,0.00,14.5,134,11.1,0.0,---,---,---,---,---,---,---,---,---,---,52.35621060,0.04880130
1,1581.6,0.0,00:09:20.4,00:03:13.7,2.58,00:00:00.0,0.00,14.0,135,10.4,0.0,---,---,---,---,---,---,---,---,---,---,52.35626500,0.04892620
1,1599.2,0.0,00:09:29.7,00:06:04.9,1.37,00:00:00.0,0.00,39.5,136,17.6,0.0,---,---,---,---,---,---,---,---,---,---,52.35648980,0.04913970
1,1601.5,0.0,00:09:38.7,00:21:22.0,0.39,00:00:00.0,0.00,23.0,137,2.3,0.0,---,---,---,---,---,---,---,---,---,---,52.35649770,0.04915400
1,1603.6,0.0,00:09:40.0,00:07:30.4,1.11,00:00:00.0,0.00,24.5,138,2.2,0.0,---,---,---,---,---,---,---,---,---,---,52.35651120,0.04917690
1,1612.2,0.0,00:09:44.6,00:04:54.1,1.70,00:00:00.0,0.00,14.0,139,8.6,0.0,---,---,---,---,---,---,---,---,---,---,52.35656240,0.04927140
1,1622.0,0.0,00:09:48.6,00:03:58.0,2.10,00:00:00.0,0.00,15.0,140,9.8,0.0,---,---,---,---,---,---,---,---,---,---,52.35661640,0.04938500
1,1632.4,0.0,00:09:52.6,00:03:26.6,2.42,00:00:00.0,0.00,14.5,141,10.4,0.0,---,---,---,---,---,---,---,---,---,---,52.35667600,0.04950250
1,1642.7,0.0,00:09:56.6,00:03:13.0,2.59,00:00:00.0,0.00,14.5,142,10.4,0.0,---,---,---,---,---,---,---,---,---,---,52.35673980,0.04961340
1,1654.0,0.0,00:10:00.6,00:03:07.2,2.67,00:00:00.0,0.00,15.0,143,11.3,0.0,---,---,---,---,---,---,---,---,---,---,52.35680830,0.04973590
1,1664.8,0.0,00:10:04.6,00:03:05.8,2.69,00:00:00.0,0.00,15.0,144,10.8,0.0,---,---,---,---,---,---,---,---,---,---,52.35688080,0.04984090
1,1674.8,0.0,00:10:08.6,00:03:11.5,2.61,00:00:00.0,0.00,14.5,145,10.1,0.0,---,---,---,---,---,---,---,---,---,---,52.35695150,0.04993310
1,1686.7,0.0,00:10:12.8,00:03:08.6,2.65,00:00:00.0,0.00,14.5,146,11.9,0.0,---,---,---,---,---,---,---,---,---,---,52.35703690,0.05003750
1,1698.1,0.0,00:10:16.8,00:02:59.2,2.79,00:00:00.0,0.00,14.5,147,11.4,0.0,---,---,---,---,---,---,---,---,---,---,52.35711940,0.05013670
1,1710.3,0.0,00:10:21.0,00:02:56.6,2.83,00:00:00.0,0.00,14.5,148,12.2,0.0,---,---,---,---,---,---,---,---,---,---,52.35720900,0.05024080
1,1721.7,0.0,00:10:25.0,00:02:57.3,2.82,00:00:00.0,0.00,14.5,149,11.3,0.0,---,---,---,---,---,---,---,---,---,---,52.35729050,0.05034060
1,1733.4,0.0,00:10:29.2,00:02:58.5,2.80,00:00:00.0,0.00,14.5,150,11.7,0.0,---,---,---,---,---,---,---,---,---,---,52.35737520,0.05044330
1,1744.2,0.0,00:10:33.4,00:03:03.8,2.72,00:00:00.0,0.00,14.5,151,10.8,0.0,---,---,---,---,---,---,---,---,---,---,52.35745330,0.05053860
1,1754.9,0.0,00:10:37.4,00:03:10.1,2.63,00:00:00.0,0.00,14.5,152,10.6,0.0,---,---,---,---,---,---,---,---,---,---,52.35752780,0.05063630
1,1765.9,0.0,00:10:41.6,00:03:08.6,2.65,00:00:00.0,0.00,14.5,153,11.0,0.0,---,---,---,---,---,---,---,---,---,---,52.35760450,0.05073910
1,1778.1,0.0,00:10:45.8,00:03:03.1,2.73,00:00:00.0,0.00,14.0,154,12.2,0.0,---,---,---,---,---,---,---,---,---,---,52.35769070,0.05084920
1,1789.3,0.0,00:10:50.0,00:03:02.4,2.74,00:00:00.0,0.00,14.0,155,11.3,0.0,---,---,---,---,---,---,---,---,---,---,52.35777010,0.05095200
1,1800.4,0.0,00:10:54.2,00:03:09.3,2.64,00:00:00.0,0.00,14.5,156,11.1,0.0,---,---,---,---,---,---,---,---,---,---,52.35784840,0.05105190
1,1811.1,0.0,00:10:58.2,00:03:13.7,2.58,00:00:00.0,0.00,14.5,157,10.7,0.0,---,---,---,---,---,---,---,---,---,---,52.35792190,0.05115290
1,1823.0,0.0,00:11:02.6,00:03:06.5,2.68,00:00:00.0,0.00,14.5,158,11.9,0.0,---,---,---,---,---,---,---,---,---,---,52.35800600,0.05126120
1,1834.3,0.0,00:11:06.4,00:02:59.2,2.79,00:00:00.0,0.00,14.5,159,11.3,0.0,---,---,---,---,---,---,---,---,---,---,52.35808480,0.05136620
1,1846.2,0.0,00:11:10.6,00:02:58.5,2.80,00:00:00.0,0.00,14.5,160,11.9,0.0,---,---,---,---,---,---,---,---,---,---,52.35816960,0.05147190
1,1857.2,0.0,00:11:14.6,00:02:58.5,2.80,00:00:00.0,0.00,14.5,161,11.1,0.0,---,---,---,---,---,---,---,---,---,---,52.35824970,0.05156810
1,1869.1,0.0,00:11:18.8,00:02:58.5,2.80,00:00:00.0,0.00,14.5,162,11.8,0.0,---,---,---,---,---,---,---,---,---,---,52.35833390,0.05167470
1,1880.5,0.0,00:11:23.0,00:03:01.8,2.75,00:00:00.0,0.00,14.5,163,11.4,0.0,---,---,---,---,---,---,---,---,---,---,52.35841340,0.05178010
1,1891.0,0.0,00:11:26.8,00:03:05.8,2.69,00:00:00.0,0.00,14.5,164,10.5,0.0,---,---,---,---,---,---,---,---,---,---,52.35848520,0.05188120
1,1903.0,0.0,00:11:31.0,00:03:02.4,2.74,00:00:00.0,0.00,14.5,165,12.0,0.0,---,---,---,---,---,---,---,---,---,---,52.35856780,0.05199460
1,1915.4,0.0,00:11:35.6,00:02:58.5,2.80,00:00:00.0,0.00,14.0,166,12.4,0.0,---,---,---,---,---,---,---,---,---,---,52.35865270,0.05211360
1,1927.0,0.0,00:11:39.6,00:02:58.5,2.80,00:00:00.0,0.00,14.5,167,11.6,0.0,---,---,---,---,---,---,---,---,---,---,52.35873440,0.05221920
1,1938.2,0.0,00:11:43.6,00:03:01.8,2.75,00:00:00.0,0.00,14.0,168,11.2,0.0,---,---,---,---,---,---,---,---,---,---,52.35881450,0.05231810
1,1949.1,0.0,00:11:47.7,00:03:05.8,2.69,00:00:00.0,0.00,14.5,169,10.9,0.0,---,---,---,---,---,---,---,---,---,---,52.35888940,0.05242200
1,1961.1,0.0,00:11:52.0,00:03:03.8,2.72,00:00:00.0,0.00,14.0,170,12.0,0.0,---,---,---,---,---,---,---,---,---,---,52.35897260,0.05253310
1,1972.7,0.0,00:11:56.2,00:03:01.1,2.76,00:00:00.0,0.00,14.5,171,11.6,0.0,---,---,---,---,---,---,---,---,---,---,52.35905290,0.05264260
1,1983.8,0.0,00:12:00.2,00:03:03.1,2.73,00:00:00.0,0.00,14.5,172,11.0,0.0,---,---,---,---,---,---,---,---,---,---,52.35913100,0.05274310
1,1995.4,0.0,00:12:04.4,00:03:04.5,2.71,00:00:00.0,0.00,14.5,173,11.7,0.0,---,---,---,---,---,---,---,---,---,---,52.35921260,0.05285080
1,2006.5,0.0,00:12:08.6,00:03:03.1,2.73,00:00:00.0,0.00,14.5,174,11.0,0.0,---,---,---,---,---,---,---,---,---,---,52.35929160,0.05294840
1,2017.7,0.0,00:12:12.6,00:03:02.4,2.74,00:00:00.0,0.00,14.5,175,11.3,0.0,---,---,---,---,---,---,---,---,---,---,52.35937410,0.05304480
1,2029.0,0.0,00:12:16.8,00:03:06.5,2.68,00:00:00.0,0.00,14.5,176,11.2,0.0,---,---,---,---,---,---,---,---,---,---,52.35945620,0.05314040
1,2040.0,0.0,00:12:21.0,00:03:08.6,2.65,00:00:00.0,0.00,14.5,177,11.1,0.0,---,---,---,---,---,---,---,---,---,---,52.35953640,0.05323700
1,2051.3,0.0,00:12:25.2,00:03:07.2,2.67,00:00:00.0,0.00,14.0,178,11.3,0.0,---,---,---,---,---,---,---,---,---,---,52.35961610,0.05333920
1,2062.6,0.0,00:12:29.2,00:03:03.8,2.72,00:00:00.0,0.00,14.5,179,11.3,0.0,---,---,---,---,---,---,---,---,---,---,52.35969550,0.05344360
1,2074.5,0.0,00:12:33.4,00:03:01.8,2.75,00:00:00.0,0.00,14.5,180,11.8,0.0,---,---,---,---,---,---,---,---,---,---,52.35977720,0.05355530
1,2085.9,0.0,00:12:37.4,00:03:00.5,2.77,00:00:00.0,0.00,14.5,181,11.4,0.0,---,---,---,---,---,---,---,---,---,---,52.35985300,0.05366790
1,2097.2,0.0,00:12:41.6,00:02:59.8,2.78,00:00:00.0,0.00,14.5,182,11.3,0.0,---,---,---,---,---,---,---,---,---,---,52.35992870,0.05377820
1,2109.4,0.0,00:12:45.8,00:02:59.8,2.78,00:00:00.0,0.00,14.5,183,12.3,0.0,---,---,---,---,---,---,---,---,---,---,52.36001260,0.05389490
1,2121.2,0.0,00:12:50.0,00:02:59.8,2.78,00:00:00.0,0.00,14.0,184,11.8,0.0,---,---,---,---,---,---,---,---,---,---,52.36009500,0.05400390
1,2132.7,0.0,00:12:54.2,00:03:01.8,2.75,00:00:00.0,0.00,14.0,185,11.5,0.0,---,---,---,---,---,---,---,---,---,---,52.36017510,0.05411080
1,2144.4,0.0,00:12:58.4,00:03:02.4,2.74,00:00:00.0,0.00,14.5,186,11.7,0.0,---,---,---,---,---,---,---,---,---,---,52.36026060,0.05421200
1,2156.0,0.0,00:13:02.6,00:03:01.1,2.76,00:00:00.0,0.00,14.5,187,11.5,0.0,---,---,---,---,---,---,---,---,---,---,52.36034660,0.05430640
1,2167.7,0.0,00:13:06.4,00:02:57.9,2.81,00:00:00.0,0.00,15.0,188,11.7,0.0,---,---,---,---,---,---,---,---,---,---,52.36043350,0.05440330
1,2179.7,0.0,00:13:10.4,00:02:54.2,2.87,00:00:00.0,0.00,15.0,189,12.1,0.0,---,---,---,---,---,---,---,---,---,---,52.36052260,0.05450410
1,2191.3,0.0,00:13:14.6,00:02:52.4,2.90,00:00:00.0,0.00,14.0,190,11.6,0.0,---,---,---,---,---,---,---,---,---,---,52.36060620,0.05460540
1,2203.4,0.0,00:13:18.8,00:02:55.4,2.85,00:00:00.0,0.00,14.5,191,12.1,0.0,---,---,---,---,---,---,---,---,---,---,52.36069220,0.05471300
1,2214.6,0.0,00:13:22.8,00:02:59.2,2.79,00:00:00.0,0.00,14.5,192,11.2,0.0,---,---,---,---,---,---,---,---,---,---,52.36077020,0.05481730
1,2225.8,0.0,00:13:26.8,00:03:01.1,2.76,00:00:00.0,0.00,14.5,193,11.2,0.0,---,---,---,---,---,---,---,---,---,---,52.36084450,0.05492900
1,2236.9,0.0,00:13:30.8,00:03:00.5,2.77,00:00:00.0,0.00,15.0,194,11.1,0.0,---,---,---,---,---,---,---,---,---,---,52.36092000,0.05503550
1,2248.6,0.0,00:13:35.0,00:02:59.2,2.79,00:00:00.0,0.00,14.5,195,11.7,0.0,---,---,---,---,---,---,---,---,---,---,52.36100590,0.05513390
1,2259.9,0.0,00:13:39.2,00:03:04.5,2.71,00:00:00.0,0.00,14.0,196,11.3,0.0,---,---,---,---,---,---,---,---,---,---,52.36109140,0.05522410
1,2271.0,0.0,00:13:43.4,00:03:10.8,2.62,00:00:00.0,0.00,14.5,197,11.2,0.0,---,---,---,---,---,---,---,---,---,---,52.36117520,0.05531420
1,2282.0,0.0,00:13:47.6,00:03:11.5,2.61,00:00:00.0,0.00,13.5,198,11.0,0.0,---,---,---,---,---,---,---,---,---,---,52.36125590,0.05540700
1,2294.3,0.0,00:13:52.0,00:03:08.6,2.65,00:00:00.0,0.00,14.0,199,12.3,0.0,---,---,---,---,---,---,---,---,---,---,52.36134620,0.05551110
1,2305.1,0.0,00:13:56.0,00:03:05.1,2.70,00:00:00.0,0.00,14.5,200,10.8,0.0,---,---,---,---,---,---,---,---,---,---,52.36142310,0.05560770
1,2316.2,0.0,00:14:00.0,00:03:03.1,2.73,00:00:00.0,0.00,15.0,201,11.1,0.0,---,---,---,---,---,---,---,---,---,---,52.36149980,0.05571230
1,2327.3,0.0,00:14:04.2,00:03:03.8,2.72,00:00:00.0,0.00,14.5,202,11.1,0.0,---,---,---,---,---,---,---,---,---,---,52.36157450,0.05582120
1,2338.5,0.0,00:14:08.2,00:03:01.8,2.75,00:00:00.0,0.00,14.5,203,11.2,0.0,---,---,---,---,---,---,---,---,---,---,52.36165350,0.05592270
1,2350.0,0.0,00:14:12.2,00:03:00.5,2.77,00:00:00.0,0.00,15.0,204,11.5,0.0,---,---,---,---,---,---,---,---,---,---,52.36173860,0.05601820
1,2361.4,0.0,00:14:16.2,00:02:59.2,2.79,00:00:00.0,0.00,14.5,205,11.4,0.0,---,---,---,---,---,---,---,---,---,---,52.36182640,0.05610540
1,2373.2,0.0,00:14:20.6,00:03:01.1,2.76,00:00:00.0,0.00,14.0,206,11.8,0.0,---,---,---,---,---,---,---,---,---,---,52.36191530,0.05619870
1,2384.7,0.0,00:14:24.6,00:03:03.8,2.72,00:00:00.0,0.00,14.5,207,11.5,0.0,---,---,---,---,---,---,---,---,---,---,52.36200070,0.05629400
1,2395.8,0.0,00:14:28.6,00:03:01.8,2.75,00:00:00.0,0.00,15.0,208,11.1,0.0,---,---,---,---,---,---,---,---,---,---,52.36207900,0.05639470
1,2406.6,0.0,00:14:32.6,00:03:03.1,2.73,00:00:00.0,0.00,14.5,209,10.8,0.0,---,---,---,---,---,---,---,---,---,---,52.36215520,0.05649430
1,2418.5,0.0,00:14:36.8,00:03:03.1,2.73,00:00:00.0,0.00,14.5,210,11.9,0.0,---,---,---,---,---,---,---,---,---,---,52.36223880,0.05660280
1,2429.6,0.0,00:14:41.0,00:03:06.5,2.68,00:00:00.0,0.00,14.5,211,11.1,0.0,---,---,---,---,---,---,---,---,---,---,52.36231410,0.05670950
1,2441.4,0.0,00:14:45.4,00:03:13.0,2.59,00:00:00.0,0.00,13.5,212,11.8,0.0,---,---,---,---,---,---,---,---,---,---,52.36239400,0.05682320
1,2452.3,0.0,00:14:49.6,00:03:13.7,2.58,00:00:00.0,0.00,14.0,213,11.0,0.0,---,---,---,---,---,---,---,---,---,---,52.36246960,0.05692670
1,2463.6,0.0,00:14:53.8,00:03:12.3,2.60,00:00:00.0,0.00,14.0,214,11.2,0.0,---,---,---,---,---,---,---,---,---,---,52.36254630,0.05703430
1,2474.7,0.0,00:14:58.0,00:03:10.8,2.62,00:00:00.0,0.00,14.0,215,11.1,0.0,---,---,---,---,---,---,---,---,---,---,52.36262010,0.05714460
1,2485.8,0.0,00:15:02.2,00:03:11.5,2.61,00:00:00.0,0.00,14.5,216,11.1,0.0,---,---,---,---,---,---,---,---,---,---,52.36269500,0.05725160
1,2497.1,0.0,00:15:06.4,00:03:12.3,2.60,00:00:00.0,0.00,14.5,217,11.3,0.0,---,---,---,---,---,---,---,---,---,---,52.36277400,0.05735670
1,2508.8,0.0,00:15:10.8,00:03:13.0,2.59,00:00:00.0,0.00,13.5,218,11.7,0.0,---,---,---,---,---,---,---,---,---,---,52.36285600,0.05746460
1,2519.3,0.0,00:15:14.7,00:03:13.7,2.58,00:00:00.0,0.00,14.5,219,10.4,0.0,---,---,---,---,---,---,---,---,---,---,52.36293160,0.05755540
1,2530.3,0.0,00:15:18.8,00:03:10.1,2.63,00:00:00.0,0.00,15.0,220,11.0,0.0,---,---,---,---,---,---,---,---,---,---,52.36301230,0.05764930
1,2541.0,0.0,00:15:22.8,00:03:06.5,2.68,00:00:00.0,0.00,15.0,221,10.8,0.0,---,---,---,---,---,---,---,---,---,---,52.36309190,0.05773900
1,2551.7,0.0,00:15:26.7,00:03:05.8,2.69,00:00:00.0,0.00,15.0,222,10.6,0.0,---,---,---,---,---,---,---,---,---,---,52.36316920,0.05783100
1,2563.1,0.0,00:15:30.8,00:03:04.5,2.71,00:00:00.0,0.00,14.5,223,11.4,0.0,---,---,---,---,---,---,---,---,---,---,52.36325060,0.05793210
1,2575.0,0.0,00:15:35.0,00:03:01.1,2.76,00:00:00.0,0.00,14.5,224,12.0,0.0,---,---,---,---,---,---,---,---,---,---,52.36333750,0.05803640
1,2585.9,0.0,00:15:39.0,00:03:03.1,2.73,00:00:00.0,0.00,14.5,225,10.8,0.0,---,---,---,---,---,---,---,---,---,---,52.36341630,0.05812950
1,2597.2,0.0,00:15:43.0,00:03:05.1,2.70,00:00:00.0,0.00,15.0,226,11.4,0.0,---,---,---,---,---,---,---,---,---,---,52.36350170,0.05822110
1,2608.5,0.0,00:15:47.0,00:03:00.5,2.77,00:00:00.0,0.00,15.0,227,11.3,0.0,---,---,---,---,---,---,---,---,---,---,52.36358570,0.05831480
1,2619.5,0.0,00:15:51.0,00:03:01.1,2.76,00:00:00.0,0.00,15.0,228,11.0,0.0,---,---,---,---,---,---,---,---,---,---,52.36366550,0.05840940
1,2630.8,0.0,00:15:55.0,00:03:01.1,2.76,00:00:00.0,0.00,14.5,229,11.2,0.0,---,---,---,---,---,---,---,---,---,---,52.36374650,0.05850840
1,2642.1,0.0,00:15:59.0,00:02:57.9,2.81,00:00:00.0,0.00,15.5,230,11.4,0.0,---,---,---,---,---,---,---,---,---,---,52.36382800,0.05860950
1,2652.5,0.0,00:16:02.9,00:03:03.1,2.73,00:00:00.0,0.00,15.5,231,10.3,0.0,---,---,---,---,---,---,---,---,---,---,52.36390370,0.05869740
1,2664.1,0.0,00:16:07.0,00:03:04.5,2.71,00:00:00.0,0.00,15.0,232,11.6,0.0,---,---,---,---,---,---,---,---,---,---,52.36398890,0.05879620
1,2675.1,0.0,00:16:11.0,00:02:59.8,2.78,00:00:00.0,0.00,14.5,233,11.0,0.0,---,---,---,---,---,---,---,---,---,---,52.36406570,0.05889810
1,2686.1,0.0,00:16:15.0,00:03:02.4,2.74,00:00:00.0,0.00,15.0,234,11.0,0.0,---,---,---,---,---,---,---,---,---,---,52.36414080,0.05900350
1,2697.6,0.0,00:16:19.0,00:03:02.4,2.74,00:00:00.0,0.00,15.5,235,11.5,0.0,---,---,---,---,---,---,---,---,---,---,52.36421660,0.05911900
1,2709.3,0.0,00:16:23.0,00:02:57.9,2.81,00:00:00.0,0.00,15.0,236,11.7,0.0,---,---,---,---,---,---,---,---,---,---,52.36429420,0.05923390
1,2720.3,0.0,00:16:26.9,00:02:57.9,2.81,00:00:00.0,0.00,15.0,237,11.1,0.0,---,---,---,---,---,---,---,---,---,---,52.36436840,0.05934230
1,2731.8,0.0,00:16:30.8,00:02:58.5,2.80,00:00:00.0,0.00,15.0,238,11.5,0.0,---,---,---,---,---,---,---,---,---,---,52.36444570,0.05945450
1,2743.6,0.0,00:16:34.8,00:02:54.2,2.87,00:00:00.0,0.00,15.0,239,11.7,0.0,---,---,---,---,---,---,---,---,---,---,52.36452560,0.05956710
1,2755.0,0.0,00:16:38.9,00:02:54.2,2.87,00:00:00.0,0.00,15.0,240,11.4,0.0,---,---,---,---,---,---,---,---,---,---,52.36460230,0.05967780
1,2766.8,0.0,00:16:43.0,00:02:57.3,2.82,00:00:00.0,0.00,14.5,241,11.8,0.0,---,---,---,---,---,---,---,---,---,---,52.36468490,0.05978650
1,2778.1,0.0,00:16:47.0,00:02:59.2,2.79,00:00:00.0,0.00,14.5,242,11.3,0.0,---,---,---,---,---,---,---,---,---,---,52.36476640,0.05988630
1,2789.8,0.0,00:16:51.2,00:03:00.5,2.77,00:00:00.0,0.00,14.5,243,11.7,0.0,---,---,---,---,---,---,---,---,---,---,52.36484890,0.05999360
1,2801.0,0.0,00:16:55.2,00:03:01.8,2.75,00:00:00.0,0.00,15.0,244,11.2,0.0,---,---,---,---,---,---,---,---,---,---,52.36492690,0.06009800
1,2812.3,0.0,00:16:59.2,00:03:00.5,2.77,00:00:00.0,0.00,14.5,245,11.2,0.0,---,---,---,---,---,---,---,---,---,---,52.36500620,0.06020050
1,2824.3,0.0,00:17:03.4,00:02:59.8,2.78,00:00:00.0,0.00,14.5,246,12.0,0.0,---,---,---,---,---,---,---,---,---,---,52.36509350,0.06030390
1,2835.1,0.0,00:17:07.4,00:03:01.8,2.75,00:00:00.0,0.00,15.5,247,10.8,0.0,---,---,---,---,---,---,---,---,---,---,52.36517190,0.06039700
1,2846.2,0.0,00:17:11.7,00:03:01.1,2.76,00:00:00.0,0.00,15.0,248,11.1,0.0,---,---,---,---,---,---,---,---,---,---,52.36525410,0.06048950
1,2857.7,0.0,00:17:15.4,00:03:00.5,2.77,00:00:00.0,0.00,15.0,249,11.5,0.0,---,---,---,---,---,---,---,---,---,---,52.36534070,0.06058140
1,2869.2,0.0,00:17:19.4,00:02:57.9,2.81,00:00:00.0,0.00,15.0,250,11.5,0.0,---,---,---,---,---,---,---,---,---,---,52.36542740,0.06067420
1,2880.3,0.0,00:17:23.7,00:02:56.6,2.83,00:00:00.0,0.00,14.5,251,11.2,0.0,---,---,---,---,---,---,---,---,---,---,52.36551020,0.06076640
1,2891.8,0.0,00:17:27.6,00:02:59.2,2.79,00:00:00.0,0.00,15.0,252,11.5,0.0,---,---,---,---,---,---,---,---,---,---,52.36559850,0.06085460
1,2902.3,0.0,00:17:31.4,00:03:00.5,2.77,00:00:00.0,0.00,15.0,253,10.5,0.0,---,---,---,---,---,---,---,---,---,---,52.36567690,0.06094100
1,2913.2,0.0,00:17:35.7,00:03:01.8,2.75,00:00:00.0,0.00,15.0,254,10.8,0.0,---,---,---,---,---,---,---,---,---,---,52.36575640,0.06103280
1,2923.7,0.0,00:17:39.4,00:03:05.1,2.70,00:00:00.0,0.00,15.0,255,10.6,0.0,---,---,---,---,---,---,---,---,---,---,52.36583250,0.06112540
1,2934.3,0.0,00:17:43.4,00:03:09.3,2.64,00:00:00.0,0.00,15.0,256,10.6,0.0,---,---,---,---,---,---,---,---,---,---,52.36590480,0.06122590
1,2944.9,0.0,00:17:47.7,00:03:13.0,2.59,00:00:00.0,0.00,14.5,257,10.6,0.0,---,---,---,---,---,---,---,---,---,---,52.36597520,0.06133130
1,2955.8,0.0,00:17:51.6,00:03:13.7,2.58,00:00:00.0,0.00,14.5,258,10.9,0.0,---,---,---,---,---,---,---,---,---,---,52.36604660,0.06144190
1,2967.2,0.0,00:17:55.6,00:03:05.1,2.70,00:00:00.0,0.00,15.0,259,11.3,0.0,---,---,---,---,---,---,---,---,---,---,52.36612200,0.06155410
1,2978.1,0.0,00:17:59.7,00:03:00.5,2.77,00:00:00.0,0.00,14.5,260,10.9,0.0,---,---,---,---,---,---,---,---,---,---,52.36619420,0.06166200
1,2989.3,0.0,00:18:03.6,00:03:02.4,2.74,00:00:00.0,0.00,14.5,261,11.2,0.0,---,---,---,---,---,---,---,---,---,---,52.36626860,0.06177300
1,3000.3,0.0,00:18:07.8,00:03:04.5,2.71,00:00:00.0,0.00,15.0,262,11.0,0.0,---,---,---,---,---,---,---,---,---,---,52.36634280,0.06187960
1,3011.2,0.0,00:18:11.8,00:03:05.1,2.70,00:00:00.0,0.00,14.5,263,10.9,0.0,---,---,---,---,---,---,---,---,---,---,52.36641910,0.06197990
1,3023.3,0.0,00:18:16.0,00:02:59.8,2.78,00:00:00.0,0.00,14.5,264,12.2,0.0,---,---,---,---,---,---,---,---,---,---,52.36650470,0.06209120
1,3035.0,0.0,00:18:20.2,00:02:58.5,2.80,00:00:00.0,0.00,14.0,265,11.6,0.0,---,---,---,---,---,---,---,---,---,---,52.36658730,0.06219650
1,3046.5,0.0,00:18:24.4,00:03:03.8,2.72,00:00:00.0,0.00,14.5,266,11.5,0.0,---,---,---,---,---,---,---,---,---,---,52.36667010,0.06229800
1,3057.5,0.0,00:18:28.4,00:03:03.8,2.72,00:00:00.0,0.00,14.5,267,11.0,0.0,---,---,---,---,---,---,---,---,---,---,52.36674750,0.06239930
1,3068.5,0.0,00:18:32.7,00:03:02.4,2.74,00:00:00.0,0.00,14.5,268,11.0,0.0,---,---,---,---,---,---,---,---,---,---,52.36682390,0.06250090
1,3080.2,0.0,00:18:36.6,00:03:00.5,2.77,00:00:00.0,0.00,14.5,269,11.8,0.0,---,---,---,---,---,---,---,---,---,---,52.36690610,0.06260970
1,3091.2,0.0,00:18:40.6,00:03:00.5,2.77,00:00:00.0,0.00,14.5,270,10.9,0.0,---,---,---,---,---,---,---,---,---,---,52.36697890,0.06271790
1,3102.1,0.0,00:18:44.7,00:03:01.1,2.76,00:00:00.0,0.00,15.0,271,10.9,0.0,---,---,---,---,---,---,---,---,---,---,52.36705480,0.06281950
1,3114.3,0.0,00:18:48.8,00:02:59.2,2.79,00:00:00.0,0.00,14.5,272,12.2,0.0,---,---,---,---,---,---,---,---,---,---,52.36714560,0.06292110
1,3125.2,0.0,00:18:52.8,00:03:02.4,2.74,00:00:00.0,0.00,14.5,273,10.9,0.0,---,---,---,---,---,---,---,---,---,---,52.36722970,0.06300360
1,3136.0,0.0,00:18:56.9,00:03:07.9,2.66,00:00:00.0,0.00,14.5,274,10.8,0.0,---,---,---,---,---,---,---,---,---,---,52.36731410,0.06308200
1,3147.0,0.0,00:19:01.0,00:03:09.3,2.64,00:00:00.0,0.00,14.5,275,11.0,0.0,---,---,---,---,---,---,---,---,---,---,52.36740140,0.06315680
1,3158.1,0.0,00:19:05.2,00:03:10.8,2.62,00:00:00.0,0.00,14.0,276,11.1,0.0,---,---,---,---,---,---,---,---,---,---,52.36748850,0.06323670
1,3169.1,0.0,00:19:09.4,00:03:13.7,2.58,00:00:00.0,0.00,14.5,277,11.0,0.0,---,---,---,---,---,---,---,---,---,---,52.36757320,0.06331980
1,3179.9,0.0,00:19:13.6,00:03:14.5,2.57,00:00:00.0,0.00,14.5,278,10.8,0.0,---,---,---,---,---,---,---,---,---,---,52.36765470,0.06340600
1,3190.4,0.0,00:19:17.7,00:03:12.3,2.60,00:00:00.0,0.00,14.5,279,10.5,0.0,---,---,---,---,---,---,---,---,---,---,52.36773020,0.06349730
1,3202.0,0.0,00:19:22.0,00:03:10.8,2.62,00:00:00.0,0.00,14.0,280,11.6,0.0,---,---,---,---,---,---,---,---,---,---,52.36781250,0.06360240
1,3212.9,0.0,00:19:26.2,00:03:16.0,2.55,00:00:00.0,0.00,14.0,281,10.9,0.0,---,---,---,---,---,---,---,---,---,---,52.36788860,0.06370400
1,3223.4,0.0,00:19:30.4,00:03:22.4,2.47,00:00:00.0,0.00,14.5,282,10.5,0.0,---,---,---,---,---,---,---,---,---,---,52.36795890,0.06380720
1,3233.7,0.0,00:19:34.2,00:03:16.8,2.54,00:00:00.0,0.00,15.5,283,10.2,0.0,---,---,---,---,---,---,---,---,---,---,52.36802730,0.06390790
1,3244.5,0.0,00:19:38.2,00:03:07.2,2.67,00:00:00.0,0.00,15.5,284,10.9,0.0,---,---,---,---,---,---,---,---,---,---,52.36810130,0.06401260
1,3254.9,0.0,00:19:42.0,00:03:07.2,2.67,00:00:00.0,0.00,15.0,285,10.4,0.0,---,---,---,---,---,---,---,---,---,---,52.36817340,0.06410910
1,3274.1,0.0,00:19:54.1,00:08:00.7,1.04,00:00:00.0,0.00,14.0,286,19.2,0.0,---,---,---,---,---,---,---,---,---,---,52.36825250,0.06431380
1,3282.4,0.0,00:20:03.5,00:08:30.2,0.98,00:00:00.0,0.00,29.5,287,8.3,0.0,---,---,---,---,---,---,---,---,---,---,52.36772790,0.06341480
1,3286.5,0.0,00:20:05.3,00:04:59.4,1.67,00:00:00.0,0.00,26.5,288,4.1,0.0,---,---,---,---,---,---,---,---,---,---,52.36769790,0.06337950
1,3296.9,0.0,00:20:09.5,00:03:30.9,2.37,00:00:00.0,0.00,15.5,289,10.4,0.0,---,---,---,---,---,---,---,---,---,---,52.36762140,0.06329180
1,3308.5,0.0,00:20:13.3,00:03:01.1,2.76,00:00:00.0,0.00,15.5,290,11.6,0.0,---,---,---,---,---,---,---,---,---,---,52.36753550,0.06319540
1,3320.6,0.0,00:20:17.1,00:02:46.6,3.00,00:00:00.0,0.00,15.5,291,12.1,0.0,---,---,---,---,---,---,---,---,---,---,52.36744700,0.06309340
1,3333.8,0.0,00:20:21.5,00:02:38.2,3.16,00:00:00.0,0.00,15.0,292,13.2,0.0,---,---,---,---,---,---,---,---,---,---,52.36735200,0.06297660
1,3346.0,0.0,00:20:25.1,00:02:36.2,3.20,00:00:00.0,0.00,15.0,293,12.2,0.0,---,---,---,---,---,---,---,---,---,---,52.36726680,0.06286390
1,3358.8,0.0,00:20:29.1,00:02:37.7,3.17,00:00:00.0,0.00,15.5,294,12.8,0.0,---,---,---,---,---,---,---,---,---,---,52.36717710,0.06274530
1,3382.1,0.0,00:20:38.8,00:03:48.3,2.19,00:00:00.0,0.00,28.5,295,23.3,0.0,---,---,---,---,---,---,---,---,---,---,52.36651280,0.06192290
1,3385.5,0.0,00:20:40.4,00:04:59.4,1.67,00:00:00.0,0.00,26.5,296,3.4,0.0,---,---,---,---,---,---,---,---,---,---,52.36648980,0.06189020
1,3396.5,0.0,00:20:44.6,00:03:30.0,2.38,00:00:00.0,0.00,15.0,297,10.9,0.0,---,---,---,---,---,---,---,---,---,---,52.36641610,0.06178350
1,3419.3,0.0,00:20:54.3,00:04:00.3,2.08,00:00:00.0,0.00,28.5,298,22.8,0.0,---,---,---,---,---,---,---,---,---,---,52.36598690,0.06118840
1,3423.3,0.0,00:20:56.0,00:04:44.0,1.76,00:00:00.0,0.00,24.5,299,4.0,0.0,---,---,---,---,---,---,---,---,---,---,52.36595730,0.06115570
1,3433.8,0.0,00:21:00.3,00:03:30.9,2.37,00:00:00.0,0.00,14.5,300,10.5,0.0,---,---,---,---,---,---,---,---,---,---,52.36587950,0.06106770
1,3446.3,0.0,00:21:04.2,00:02:57.9,2.81,00:00:00.0,0.00,15.0,301,12.5,0.0,---,---,---,---,---,---,---,---,---,---,52.36578690,0.06096380
1,3458.5,0.0,00:21:08.2,00:02:41.2,3.10,00:00:00.0,0.00,15.5,302,12.2,0.0,---,---,---,---,---,---,---,---,---,---,52.36569810,0.06085890
1,3470.6,0.0,00:21:12.3,00:02:39.2,3.14,00:00:00.0,0.00,15.5,303,12.2,0.0,---,---,---,---,---,---,---,---,---,---,52.36561170,0.06074970
1,3482.8,0.0,00:21:15.8,00:02:37.7,3.17,00:00:00.0,0.00,15.5,304,12.1,0.0,---,---,---,---,---,---,---,---,---,---,52.36552640,0.06063860
1,3495.5,0.0,00:21:19.8,00:02:38.7,3.15,00:00:00.0,0.00,15.5,305,12.8,0.0,---,---,---,---,---,---,---,---,---,---,52.36543860,0.06051750
1,3508.8,0.0,00:21:23.8,00:02:35.2,3.22,00:00:00.0,0.00,15.0,306,13.3,0.0,---,---,---,---,---,---,---,---,---,---,52.36534840,0.06038900
1,3522.7,0.0,00:21:28.0,00:02:33.8,3.25,00:00:00.0,0.00,14.5,307,13.8,0.0,---,---,---,---,---,---,---,---,---,---,52.36525320,0.06025860
1,3535.5,0.0,00:21:32.0,00:02:35.7,3.21,00:00:00.0,0.00,14.5,308,12.8,0.0,---,---,---,---,---,---,---,---,---,---,52.36516690,0.06013330
1,3548.4,0.0,00:21:36.3,00:02:36.7,3.19,00:00:00.0,0.00,14.5,309,12.9,0.0,---,---,---,---,---,---,---,---,---,---,52.36507870,0.06001100
1,3561.5,0.0,00:21:40.2,00:02:37.2,3.18,00:00:00.0,0.00,14.5,310,13.2,0.0,---,---,---,---,---,---,---,---,---,---,52.36498860,0.05988590
1,3574.8,0.0,00:21:44.4,00:02:35.7,3.21,00:00:00.0,0.00,14.5,311,13.3,0.0,---,---,---,---,---,---,---,---,---,---,52.36489400,0.05976720
1,3587.4,0.0,00:21:48.5,00:02:37.7,3.17,00:00:00.0,0.00,14.5,312,12.7,0.0,---,---,---,---,---,---,---,---,---,---,52.36480440,0.05965230
1,3601.2,0.0,00:21:52.8,00:02:39.2,3.14,00:00:00.0,0.00,14.0,313,13.7,0.0,---,---,---,---,---,---,---,---,---,---,52.36470570,0.05953140
1,3613.9,0.0,00:21:56.8,00:02:37.7,3.17,00:00:00.0,0.00,14.5,314,12.7,0.0,---,---,---,---,---,---,---,---,---,---,52.36461140,0.05942640
1,3627.7,0.0,00:22:01.2,00:02:37.7,3.17,00:00:00.0,0.00,14.5,315,13.9,0.0,---,---,---,---,---,---,---,---,---,---,52.36450940,0.05930940
1,3641.2,0.0,00:22:05.4,00:02:35.7,3.21,00:00:00.0,0.00,14.5,316,13.4,0.0,---,---,---,---,---,---,---,---,---,---,52.36441450,0.05918690
1,3654.4,0.0,00:22:09.5,00:02:35.2,3.22,00:00:00.0,0.00,14.0,317,13.2,0.0,---,---,---,---,---,---,---,---,---,---,52.36431930,0.05907130
1,3668.1,0.0,00:22:13.8,00:02:37.2,3.18,00:00:00.0,0.00,14.0,318,13.8,0.0,---,---,---,---,---,---,---,---,---,---,52.36422050,0.05895000
1,3681.7,0.0,00:22:18.3,00:02:35.7,3.21,00:00:00.0,0.00,14.5,319,13.5,0.0,---,---,---,---,---,---,---,---,---,---,52.36412290,0.05883140
1,3695.3,0.0,00:22:22.2,00:02:33.8,3.25,00:00:00.0,0.00,14.0,320,13.7,0.0,---,---,---,---,---,---,---,---,---,---,52.36402520,0.05870920
1,3709.6,0.0,00:22:26.6,00:02:34.7,3.23,00:00:00.0,0.00,13.5,321,14.3,0.0,---,---,---,---,---,---,---,---,---,---,52.36392310,0.05858150
1,3722.9,0.0,00:22:30.8,00:02:36.7,3.19,00:00:00.0,0.00,14.5,322,13.3,0.0,---,---,---,---,---,---,---,---,---,---,52.36382780,0.05846300
1,3736.2,0.0,00:22:35.0,00:02:36.7,3.19,00:00:00.0,0.00,14.0,323,13.2,0.0,---,---,---,---,---,---,---,---,---,---,52.36373390,0.05834360
1,3750.3,0.0,00:22:39.4,00:02:33.3,3.26,00:00:00.0,0.00,13.5,324,14.1,0.0,---,---,---,---,---,---,---,---,---,---,52.36363040,0.05822380
1,3764.9,0.0,00:22:43.8,00:02:33.3,3.26,00:00:00.0,0.00,13.5,325,14.6,0.0,---,---,---,---,---,---,---,---,---,---,52.36352580,0.05809470
1,3779.2,0.0,00:22:48.3,00:02:33.3,3.26,00:00:00.0,0.00,13.5,326,14.3,0.0,---,---,---,---,---,---,---,---,---,---,52.36342390,0.05796690
1,3793.2,0.0,00:22:52.6,00:02:33.3,3.26,00:00:00.0,0.00,13.5,327,14.0,0.0,---,---,---,---,---,---,---,---,---,---,52.36332990,0.05783020
1,3806.8,0.0,00:22:57.3,00:02:36.7,3.19,00:00:00.0,0.00,14.0,328,13.6,0.0,---,---,---,---,---,---,---,---,---,---,52.36323730,0.05769890
1,3820.6,0.0,00:23:01.4,00:02:39.7,3.13,00:00:00.0,0.00,13.5,329,13.8,0.0,---,---,---,---,---,---,---,---,---,---,52.36314350,0.05756530
1,3834.1,0.0,00:23:05.6,00:02:39.7,3.13,00:00:00.0,0.00,14.0,330,13.4,0.0,---,---,---,---,---,---,---,---,---,---,52.36305090,0.05743900
1,3848.1,0.0,00:23:10.0,00:02:39.7,3.13,00:00:00.0,0.00,14.0,331,14.1,0.0,---,---,---,---,---,---,---,---,---,---,52.36295390,0.05730650
1,3862.2,0.0,00:23:14.4,00:02:40.2,3.12,00:00:00.0,0.00,13.5,332,14.1,0.0,---,---,---,---,---,---,---,---,---,---,52.36285570,0.05717460
1,3876.3,0.0,00:23:18.8,00:02:40.2,3.12,00:00:00.0,0.00,13.5,333,14.1,0.0,---,---,---,---,---,---,---,---,---,---,52.36275720,0.05704430
1,3890.2,0.0,00:23:23.2,00:02:40.7,3.11,00:00:00.0,0.00,13.5,334,13.8,0.0,---,---,---,---,---,---,---,---,---,---,52.36266070,0.05691590
1,3904.3,0.0,00:23:27.6,00:02:40.2,3.12,00:00:00.0,0.00,13.5,335,14.1,0.0,---,---,---,---,---,---,---,---,---,---,52.36256010,0.05678960
1,3918.6,0.0,00:23:32.2,00:02:40.7,3.11,00:00:00.0,0.00,13.0,336,14.3,0.0,---,---,---,---,---,---,---,---,---,---,52.36245810,0.05666270
1,3931.9,0.0,00:23:36.5,00:02:42.3,3.08,00:00:00.0,0.00,14.0,337,13.3,0.0,---,---,---,---,---,---,---,---,---,---,52.36236020,0.05655050
1,3946.0,0.0,00:23:40.8,00:02:39.7,3.13,00:00:00.0,0.00,14.0,338,14.1,0.0,---,---,---,---,---,---,---,---,---,---,52.36225710,0.05642940
1,3959.8,0.0,00:23:45.3,00:02:38.2,3.16,00:00:00.0,0.00,13.5,339,13.8,0.0,---,---,---,---,---,---,---,---,---,---,52.36215780,0.05630670
1,3974.4,0.0,00:23:49.6,00:02:35.7,3.21,00:00:00.0,0.00,14.0,340,14.6,0.0,---,---,---,---,---,---,---,---,---,---,52.36205530,0.05617370
1,3988.6,0.0,00:23:54.3,00:02:35.2,3.22,00:00:00.0,0.00,14.0,341,14.2,0.0,---,---,---,---,---,---,---,---,---,---,52.36195230,0.05604920
1,4002.7,0.0,00:23:58.4,00:02:37.2,3.18,00:00:00.0,0.00,13.5,342,14.1,0.0,---,---,---,---,---,---,---,---,---,---,52.36185120,0.05592530
1,4016.6,0.0,00:24:02.8,00:02:36.7,3.19,00:00:00.0,0.00,13.5,343,13.9,0.0,---,---,---,---,---,---,---,---,---,---,52.36175270,0.05579940
1,4030.3,0.0,00:24:07.2,00:02:39.2,3.14,00:00:00.0,0.00,13.5,344,13.7,0.0,---,---,---,---,---,---,---,---,---,---,52.36165260,0.05568220
1,4044.1,0.0,00:24:11.6,00:02:39.7,3.13,00:00:00.0,0.00,14.0,345,13.8,0.0,---,---,---,---,---,---,---,---,---,---,52.36155550,0.05555550
1,4058.2,0.0,00:24:16.0,00:02:37.7,3.17,00:00:00.0,0.00,13.5,346,14.1,0.0,---,---,---,---,---,---,---,---,---,---,52.36145900,0.05542110
1,4072.0,0.0,00:24:20.4,00:02:37.7,3.17,00:00:00.0,0.00,13.5,347,13.8,0.0,---,---,---,---,---,---,---,---,---,---,52.36136790,0.05528330
1,4085.4,0.0,00:24:24.5,00:02:37.7,3.17,00:00:00.0,0.00,14.0,348,13.3,0.0,---,---,---,---,---,---,---,---,---,---,52.36127520,0.05515870
1,4099.6,0.0,00:24:28.8,00:02:35.2,3.22,00:00:00.0,0.00,14.0,349,14.2,0.0,---,---,---,---,---,---,---,---,---,---,52.36117410,0.05503100
1,4113.1,0.0,00:24:33.3,00:02:33.3,3.26,00:00:00.0,0.00,14.0,350,13.5,0.0,---,---,---,---,---,---,---,---,---,---,52.36107560,0.05491440
1,4127.3,0.0,00:24:37.4,00:02:35.2,3.22,00:00:00.0,0.00,14.0,351,14.1,0.0,---,---,---,---,---,---,---,---,---,---,52.36097180,0.05479420
1,4141.2,0.0,00:24:41.6,00:02:33.8,3.25,00:00:00.0,0.00,14.0,352,13.9,0.0,---,---,---,---,---,---,---,---,---,---,52.36086770,0.05468100
1,4155.2,0.0,00:24:45.8,00:02:31.0,3.31,00:00:00.0,0.00,14.0,353,14.0,0.0,---,---,---,---,---,---,---,---,---,---,52.36076450,0.05456240
1,4168.9,0.0,00:24:50.0,00:02:31.9,3.29,00:00:00.0,0.00,14.0,354,13.7,0.0,---,---,---,---,---,---,---,---,---,---,52.36066730,0.05443830
1,4182.6,0.0,00:24:54.4,00:02:36.2,3.20,00:00:00.0,0.00,14.0,355,13.6,0.0,---,---,---,---,---,---,---,---,---,---,52.36057090,0.05431470
1,4196.6,0.0,00:24:58.6,00:02:34.7,3.23,00:00:00.0,0.00,14.0,356,14.1,0.0,---,---,---,---,---,---,---,---,---,---,52.36047120,0.05418740
1,4210.1,0.0,00:25:02.8,00:02:33.8,3.25,00:00:00.0,0.00,14.0,357,13.5,0.0,---,---,---,---,---,---,---,---,---,---,52.36037650,0.05406470
1,4223.9,0.0,00:25:07.0,00:02:36.7,3.19,00:00:00.0,0.00,14.0,358,13.8,0.0,---,---,---,---,---,---,---,---,---,---,52.36028160,0.05393530
1,4237.5,0.0,00:25:11.2,00:02:35.7,3.21,00:00:00.0,0.00,14.5,359,13.6,0.0,---,---,---,---,---,---,---,---,---,---,52.36018630,0.05380950
1,4251.1,0.0,00:25:15.5,00:02:35.7,3.21,00:00:00.0,0.00,14.0,360,13.6,0.0,---,---,---,---,---,---,---,---,---,---,52.36009060,0.05368450
1,4264.4,0.0,00:25:19.6,00:02:38.2,3.16,00:00:00.0,0.00,14.5,361,13.3,0.0,---,---,---,---,---,---,---,---,---,---,52.35999810,0.05356160
1,4278.4,0.0,00:25:24.3,00:02:37.2,3.18,00:00:00.0,0.00,13.5,362,14.1,0.0,---,---,---,---,---,---,---,---,---,---,52.35989870,0.05343370
1,4292.0,0.0,00:25:28.2,00:02:36.2,3.20,00:00:00.0,0.00,14.5,363,13.6,0.0,---,---,---,---,---,---,---,---,---,---,52.35980410,0.05330780
1,4305.5,0.0,00:25:32.4,00:02:36.2,3.20,00:00:00.0,0.00,14.0,364,13.5,0.0,---,---,---,---,---,---,---,---,---,---,52.35970930,0.05318480
1,4319.4,0.0,00:25:36.8,00:02:36.2,3.20,00:00:00.0,0.00,14.0,365,13.9,0.0,---,---,---,---,---,---,---,---,---,---,52.35961020,0.05305910
1,4332.9,0.0,00:25:40.8,00:02:36.2,3.20,00:00:00.0,0.00,14.5,366,13.4,0.0,---,---,---,---,---,---,---,---,---,---,52.35951310,0.05294160
1,4346.6,0.0,00:25:45.3,00:02:35.2,3.22,00:00:00.0,0.00,14.0,367,13.7,0.0,---,---,---,---,---,---,---,---,---,---,52.35941290,0.05282460
1,4360.1,0.0,00:25:49.2,00:02:35.2,3.22,00:00:00.0,0.00,14.5,368,13.6,0.0,---,---,---,---,---,---,---,---,---,---,52.35931290,0.05271080
1,4373.5,0.0,00:25:53.5,00:02:36.2,3.20,00:00:00.0,0.00,14.5,369,13.4,0.0,---,---,---,---,---,---,---,---,---,---,52.35921400,0.05259810
1,4403.1,0.0,00:26:05.7,00:08:30.2,0.98,00:00:00.0,0.00,13.5,370,29.6,0.0,---,---,---,---,---,---,---,---,---,---,52.35865720,0.05192380
1,4413.9,0.0,00:26:09.6,00:03:50.4,2.17,00:00:00.0,0.00,15.0,371,10.8,0.0,---,---,---,---,---,---,---,---,---,---,52.35858600,0.05181630
1,4425.3,0.0,00:26:13.4,00:02:58.5,2.80,00:00:00.0,0.00,15.5,372,11.4,0.0,---,---,---,---,---,---,---,---,---,---,52.35851020,0.05170350
1,4437.9,0.0,00:26:17.7,00:02:41.8,3.09,00:00:00.0,0.00,15.0,373,12.6,0.0,---,---,---,---,---,---,---,---,---,---,52.35842810,0.05157500
1,4450.4,0.0,00:26:21.3,00:02:34.7,3.23,00:00:00.0,0.00,15.5,374,12.5,0.0,---,---,---,---,---,---,---,---,---,---,52.35834440,0.05145320
1,4463.2,0.0,00:26:25.3,00:02:32.9,3.27,00:00:00.0,0.00,15.0,375,12.8,0.0,---,---,---,---,---,---,---,---,---,---,52.35825860,0.05132800
1,4476.2,0.0,00:26:29.2,00:02:32.9,3.27,00:00:00.0,0.00,15.5,376,13.0,0.0,---,---,---,---,---,---,---,---,---,---,52.35817250,0.05119890
1,4488.3,0.0,00:26:33.0,00:02:36.2,3.20,00:00:00.0,0.00,15.5,377,12.1,0.0,---,---,---,---,---,---,---,---,---,---,52.35809310,0.05107730
1,4501.0,0.0,00:26:37.0,00:02:36.2,3.20,00:00:00.0,0.00,15.5,378,12.7,0.0,---,---,---,---,---,---,---,---,---,---,52.35800700,0.05095490
1,4513.5,0.0,00:26:40.9,00:02:35.2,3.22,00:00:00.0,0.00,15.5,379,12.5,0.0,---,---,---,---,---,---,---,---,---,---,52.35792050,0.05083830
1,4525.4,0.0,00:26:44.7,00:02:35.2,3.22,00:00:00.0,0.00,15.5,380,11.9,0.0,---,---,---,---,---,---,---,---,---,---,52.35783710,0.05072830
1,4539.2,0.0,00:26:48.8,00:02:35.2,3.22,00:00:00.0,0.00,15.5,381,13.8,0.0,---,---,---,---,---,---,---,---,---,---,52.35773870,0.05060470
1,4552.2,0.0,00:26:52.8,00:02:34.3,3.24,00:00:00.0,0.00,14.5,382,13.1,0.0,---,---,---,---,---,---,---,---,---,---,52.35764490,0.05048940
1,4565.3,0.0,00:26:57.0,00:02:36.2,3.20,00:00:00.0,0.00,14.5,383,13.0,0.0,---,---,---,---,---,---,---,---,---,---,52.35755360,0.05036980
1,4579.6,0.0,00:27:01.3,00:02:37.2,3.18,00:00:00.0,0.00,14.0,384,14.3,0.0,---,---,---,---,---,---,---,---,---,---,52.35745200,0.05024080
1,4593.1,0.0,00:27:05.7,00:02:35.2,3.22,00:00:00.0,0.00,14.0,385,13.5,0.0,---,---,---,---,---,---,---,---,---,---,52.35735550,0.05012080
1,4606.4,0.0,00:27:09.4,00:02:33.8,3.25,00:00:00.0,0.00,15.0,386,13.4,0.0,---,---,---,---,---,---,---,---,---,---,52.35725950,0.05000280
1,4619.2,0.0,00:27:13.3,00:02:32.9,3.27,00:00:00.0,0.00,15.0,387,12.8,0.0,---,---,---,---,---,---,---,---,---,---,52.35716780,0.04988980
1,4633.1,0.0,00:27:17.7,00:02:32.9,3.27,00:00:00.0,0.00,14.5,388,13.9,0.0,---,---,---,---,---,---,---,---,---,---,52.35706800,0.04976730
1,4646.4,0.0,00:27:21.7,00:02:34.7,3.23,00:00:00.0,0.00,14.5,389,13.3,0.0,---,---,---,---,---,---,---,---,---,---,52.35697130,0.04965200
1,4659.4,0.0,00:27:25.6,00:02:36.2,3.20,00:00:00.0,0.00,14.5,390,13.0,0.0,---,---,---,---,---,---,---,---,---,---,52.35687680,0.04953940
1,4671.8,0.0,00:27:29.7,00:02:37.7,3.17,00:00:00.0,0.00,14.5,391,12.4,0.0,---,---,---,---,---,---,---,---,---,---,52.35678950,0.04942730
1,4686.1,0.0,00:27:33.8,00:02:33.8,3.25,00:00:00.0,0.00,14.5,392,14.3,0.0,---,---,---,---,---,---,---,---,---,---,52.35669020,0.04929330
1,4699.1,0.0,00:27:37.8,00:02:32.9,3.27,00:00:00.0,0.00,14.5,393,13.0,0.0,---,---,---,---,---,---,---,---,---,---,52.35659720,0.04917700
1,4712.3,0.0,00:27:41.9,00:02:37.7,3.17,00:00:00.0,0.00,14.5,394,13.2,0.0,---,---,---,---,---,---,---,---,---,---,52.35650190,0.04906250
1,4725.6,0.0,00:27:46.1,00:02:36.2,3.20,00:00:00.0,0.00,14.5,395,13.4,0.0,---,---,---,---,---,---,---,---,---,---,52.35640160,0.04895420
1,4739.0,0.0,00:27:50.3,00:02:33.3,3.26,00:00:00.0,0.00,14.5,396,13.3,0.0,---,---,---,---,---,---,---,---,---,---,52.35630020,0.04884990
1,4751.2,0.0,00:27:54.1,00:02:35.7,3.21,00:00:00.0,0.00,15.5,397,12.3,0.0,---,---,---,---,---,---,---,---,---,---,52.35620870,0.04874950
1,4764.8,0.0,00:27:58.3,00:02:36.7,3.19,00:00:00.0,0.00,14.5,398,13.6,0.0,---,---,---,---,---,---,---,---,---,---,52.35611130,0.04863010
1,4778.2,0.0,00:28:02.7,00:02:34.7,3.23,00:00:00.0,0.00,14.5,399,13.4,0.0,---,---,---,---,---,---,---,---,---,---,52.35601760,0.04850620
1,4791.6,0.0,00:28:06.7,00:02:36.2,3.20,00:00:00.0,0.00,14.5,400,13.4,0.0,---,---,---,---,---,---,---,---,---,---,52.35592860,0.04837320
1,4802.7,0.0,00:28:10.2,00:02:40.7,3.11,00:00:00.0,0.00,15.5,401,11.1,0.0,---,---,---,---,---,---,---,---,---,---,52.35586560,0.04824680
1,4815.0,0.0,00:28:14.3,00:02:43.9,3.05,00:00:00.0,0.00,15.5,402,12.3,0.0,---,---,---,---,---,---,---,---,---,---,52.35580900,0.04809140
1,4826.9,0.0,00:28:18.1,00:02:43.9,3.05,00:00:00.0,0.00,15.5,403,11.8,0.0,---,---,---,---,---,---,---,---,---,---,52.35576100,0.04793570
1,4839.5,0.0,00:28:22.1,00:02:41.2,3.10,00:00:00.0,0.00,15.5,404,12.7,0.0,---,---,---,---,---,---,---,---,---,---,52.35570920,0.04777000
1,4852.2,0.0,00:28:26.1,00:02:37.2,3.18,00:00:00.0,0.00,15.0,405,12.7,0.0,---,---,---,---,---,---,---,---,---,---,52.35565880,0.04760290
1,4865.2,0.0,00:28:30.1,00:02:36.2,3.20,00:00:00.0,0.00,14.5,406,13.1,0.0,---,---,---,---,---,---,---,---,---,---,52.35560210,0.04743490
1,4877.8,0.0,00:28:34.1,00:02:36.7,3.19,00:00:00.0,0.00,15.0,407,12.5,0.0,---,---,---,---,---,---,---,---,---,---,52.35554420,0.04727720
1,4890.2,0.0,00:28:38.1,00:02:38.2,3.16,00:00:00.0,0.00,15.5,408,12.4,0.0,---,---,---,---,---,---,---,---,---,---,52.35547480,0.04713330
1,4902.9,0.0,00:28:42.1,00:02:41.8,3.09,00:00:00.0,0.00,14.5,409,12.7,0.0,---,---,---,---,---,---,---,---,---,---,52.35539430,0.04700170
1,4916.5,0.0,00:28:46.5,00:02:43.3,3.06,00:00:00.0,0.00,14.0,410,13.7,0.0,---,---,---,---,---,---,---,---,---,---,52.35530180,0.04686920
1,4928.9,0.0,00:28:50.7,00:02:43.9,3.05,00:00:00.0,0.00,14.5,411,12.3,0.0,---,---,---,---,---,---,---,---,---,---,52.35521550,0.04675530
1,4941.9,0.0,00:28:54.5,00:02:41.2,3.10,00:00:00.0,0.00,14.5,412,13.0,0.0,---,---,---,---,---,---,---,---,---,---,52.35512530,0.04663420
1,4955.3,0.0,00:28:58.7,00:02:36.2,3.20,00:00:00.0,0.00,14.5,413,13.4,0.0,---,---,---,---,---,---,---,---,---,---,52.35503640,0.04650050
1,4968.2,0.0,00:29:02.8,00:02:37.7,3.17,00:00:00.0,0.00,14.0,414,12.9,0.0,---,---,---,---,---,---,---,---,---,---,52.35495260,0.04636980
1,4982.2,0.0,00:29:07.1,00:02:37.2,3.18,00:00:00.0,0.00,14.5,415,14.0,0.0,---,---,---,---,---,---,---,---,---,---,52.35486570,0.04622090
1,5011.0,0.0,00:29:19.2,00:02:37.2,3.18,00:00:00.0,0.00,13.5,416,28.8,0.0,---,---,---,---,---,---,---,---,---,---,52.35438380,0.04567470
1,5022.7,0.0,00:29:23.3,00:03:47.2,2.20,00:00:00.0,0.00,14.0,417,11.7,0.0,---,---,---,---,---,---,---,---,---,---,52.35429040,0.04559670
1,5034.7,0.0,00:29:27.3,00:02:58.5,2.80,00:00:00.0,0.00,15.5,418,12.1,0.0,---,---,---,---,---,---,---,---,---,---,52.35419650,0.04550840
1,5046.3,0.0,00:29:31.2,00:02:45.5,3.02,00:00:00.0,0.00,15.0,419,11.5,0.0,---,---,---,---,---,---,---,---,---,---,52.35410930,0.04541690
1,5060.3,0.0,00:29:35.3,00:02:37.2,3.18,00:00:00.0,0.00,15.0,420,14.0,0.0,---,---,---,---,---,---,---,---,---,---,52.35400930,0.04529180
1,5073.2,0.0,00:29:39.3,00:02:34.7,3.23,00:00:00.0,0.00,14.5,421,12.9,0.0,---,---,---,---,---,---,---,---,---,---,52.35391780,0.04517540
1,5085.2,0.0,00:29:43.2,00:02:36.7,3.19,00:00:00.0,0.00,15.5,422,12.1,0.0,---,---,---,---,---,---,---,---,---,---,52.35383200,0.04506740
1,5099.0,0.0,00:29:47.1,00:02:33.8,3.25,00:00:00.0,0.00,15.0,423,13.8,0.0,---,---,---,---,---,---,---,---,---,---,52.35373060,0.04495010
1,5112.6,0.0,00:29:51.3,00:02:32.9,3.27,00:00:00.0,0.00,15.0,424,13.6,0.0,---,---,---,---,---,---,---,---,---,---,52.35362830,0.04484190
1,5125.8,0.0,00:29:55.4,00:02:35.7,3.21,00:00:00.0,0.00,14.0,425,13.2,0.0,---,---,---,---,---,---,---,---,---,---,52.35353210,0.04472820
1,5139.6,0.0,00:29:59.5,00:02:34.7,3.23,00:00:00.0,0.00,14.5,426,13.8,0.0,---,---,---,---,---,---,---,---,---,---,52.35343270,0.04460650
1,5153.3,0.0,00:30:03.7,00:02:33.3,3.26,00:00:00.0,0.00,14.5,427,13.7,0.0,---,---,---,---,---,---,---,---,---,---,52.35333620,0.04448190
1,5167.0,0.0,00:30:07.9,00:02:34.7,3.23,00:00:00.0,0.00,14.5,428,13.7,0.0,---,---,---,---,---,---,---,---,---,---,52.35324130,0.04435450
1,5190.5,0.0,00:30:18.7,00:07:00.1,1.19,00:00:00.0,0.00,19.0,429,23.6,0.0,---,---,---,---,---,---,---,---,---,---,52.35276560,0.04370150
1,5195.4,0.0,00:30:21.9,00:06:10.3,1.35,00:00:00.0,0.00,18.5,430,4.8,0.0,---,---,---,---,---,---,---,---,---,---,52.35274820,0.04363620
1,5200.6,0.0,00:30:24.9,00:05:16.4,1.58,00:00:00.0,0.00,20.5,431,5.2,0.0,---,---,---,---,---,---,---,---,---,---,52.35273740,0.04356040
1,5205.2,0.0,00:30:27.3,00:04:49.0,1.73,00:00:00.0,0.00,24.0,432,4.6,0.0,---,---,---,---,---,---,---,---,---,---,52.35273490,0.04349320
1,5219.7,0.0,00:30:37.0,00:07:38.7,1.09,00:00:00.0,0.00,28.5,433,14.5,0.0,---,---,---,---,---,---,---,---,---,---,52.35272400,0.04267510
1,5223.3,0.0,00:30:38.7,00:04:39.3,1.79,00:00:00.0,0.00,24.5,434,3.6,0.0,---,---,---,---,---,---,---,---,---,---,52.35273230,0.04262410
1,5235.0,0.0,00:30:43.0,00:03:24.0,2.45,00:00:00.0,0.00,14.5,435,11.6,0.0,---,---,---,---,---,---,---,---,---,---,52.35275410,0.04245660
1,5246.8,0.0,00:30:47.0,00:02:59.8,2.78,00:00:00.0,0.00,14.5,436,11.8,0.0,---,---,---,---,---,---,---,---,---,---,52.35277900,0.04228710
1,5259.4,0.0,00:30:51.0,00:02:45.5,3.02,00:00:00.0,0.00,15.0,437,12.6,0.0,---,---,---,---,---,---,---,---,---,---,52.35280820,0.04210780
1,5272.3,0.0,00:30:55.0,00:02:37.2,3.18,00:00:00.0,0.00,15.0,438,12.8,0.0,---,---,---,---,---,---,---,---,---,---,52.35283700,0.04192500
1,5285.6,0.0,00:30:59.0,00:02:35.2,3.22,00:00:00.0,0.00,15.0,439,13.3,0.0,---,---,---,---,---,---,---,---,---,---,52.35286690,0.04173590
1,5298.7,0.0,00:31:03.0,00:02:33.8,3.25,00:00:00.0,0.00,14.5,440,13.1,0.0,---,---,---,---,---,---,---,---,---,---,52.35289420,0.04154810
1,5312.1,0.0,00:31:07.0,00:02:31.0,3.31,00:00:00.0,0.00,15.0,441,13.4,0.0,---,---,---,---,---,---,---,---,---,---,52.35292210,0.04135630
1,5325.6,0.0,00:31:11.1,00:02:29.2,3.35,00:00:00.0,0.00,15.5,442,13.5,0.0,---,---,---,---,---,---,---,---,---,---,52.35295220,0.04116440
1,5338.4,0.0,00:31:14.8,00:02:30.1,3.33,00:00:00.0,0.00,15.0,443,12.8,0.0,---,---,---,---,---,---,---,---,---,---,52.35298060,0.04098210
1,5351.6,0.0,00:31:18.8,00:02:30.1,3.33,00:00:00.0,0.00,15.5,444,13.2,0.0,---,---,---,---,---,---,---,---,---,---,52.35300940,0.04079300
1,5364.4,0.0,00:31:22.7,00:02:30.1,3.33,00:00:00.0,0.00,15.0,445,12.8,0.0,---,---,---,---,---,---,---,---,---,---,52.35303430,0.04061000
1,5377.3,0.0,00:31:26.6,00:02:31.5,3.30,00:00:00.0,0.00,15.5,446,12.9,0.0,---,---,---,---,---,---,---,---,---,---,52.35306040,0.04042450
1,5389.8,0.0,00:31:30.5,00:02:31.9,3.29,00:00:00.0,0.00,15.5,447,12.5,0.0,---,---,---,---,---,---,---,---,---,---,52.35309020,0.04024680
1,5402.3,0.0,00:31:34.5,00:02:33.8,3.25,00:00:00.0,0.00,15.5,448,12.5,0.0,---,---,---,---,---,---,---,---,---,---,52.35312490,0.04007240
1,5415.4,0.0,00:31:38.3,00:02:32.9,3.27,00:00:00.0,0.00,15.5,449,13.1,0.0,---,---,---,---,---,---,---,---,---,---,52.35316200,0.03988930
1,5428.4,0.0,00:31:42.2,00:02:32.9,3.27,00:00:00.0,0.00,15.0,450,13.0,0.0,---,---,---,---,---,---,---,---,---,---,52.35320230,0.03970980
1,5440.7,0.0,00:31:46.0,00:02:35.2,3.22,00:00:00.0,0.00,16.0,451,12.3,0.0,---,---,---,---,---,---,---,---,---,---,52.35324050,0.03954080
1,5453.6,0.0,00:31:49.9,00:02:34.3,3.24,00:00:00.0,0.00,15.5,452,12.9,0.0,---,---,---,---,---,---,---,---,---,---,52.35327790,0.03936090
1,5466.9,0.0,00:31:53.9,00:02:31.9,3.29,00:00:00.0,0.00,15.5,453,13.3,0.0,---,---,---,---,---,---,---,---,---,---,52.35330910,0.03917190
1,5479.7,0.0,00:31:57.6,00:02:31.0,3.31,00:00:00.0,0.00,15.5,454,12.8,0.0,---,---,---,---,---,---,---,---,---,---,52.35334030,0.03899140
1,5491.8,0.0,00:32:01.5,00:02:32.9,3.27,00:00:00.0,0.00,15.5,455,12.2,0.0,---,---,---,---,---,---,---,---,---,---,52.35336490,0.03881690
1,5505.3,0.0,00:32:05.4,00:02:33.3,3.26,00:00:00.0,0.00,14.5,456,13.5,0.0,---,---,---,---,---,---,---,---,---,---,52.35338670,0.03862150
1,5518.4,0.0,00:32:09.5,00:02:32.4,3.28,00:00:00.0,0.00,15.5,457,13.1,0.0,---,---,---,---,---,---,---,---,---,---,52.35340190,0.03843060
1,5530.9,0.0,00:32:13.5,00:02:33.8,3.25,00:00:00.0,0.00,15.5,458,12.5,0.0,---,---,---,---,---,---,---,---,---,---,52.35341580,0.03824820
1,5544.0,0.0,00:32:17.3,00:02:34.3,3.24,00:00:00.0,0.00,15.5,459,13.1,0.0,---,---,---,---,---,---,---,---,---,---,52.35343650,0.03805880
1,5556.5,0.0,00:32:21.1,00:02:33.3,3.26,00:00:00.0,0.00,15.5,460,12.5,0.0,---,---,---,---,---,---,---,---,---,---,52.35346250,0.03788000
1,5569.6,0.0,00:32:25.1,00:02:33.3,3.26,00:00:00.0,0.00,15.0,461,13.1,0.0,---,---,---,---,---,---,---,---,---,---,52.35349250,0.03769430
1,5582.1,0.0,00:32:28.9,00:02:35.2,3.22,00:00:00.0,0.00,15.5,462,12.5,0.0,---,---,---,---,---,---,---,---,---,---,52.35351580,0.03751450
1,5594.7,0.0,00:32:32.7,00:02:34.3,3.24,00:00:00.0,0.00,15.5,463,12.6,0.0,---,---,---,---,---,---,---,---,---,---,52.35353430,0.03733160
1,5607.3,0.0,00:32:36.7,00:02:34.7,3.23,00:00:00.0,0.00,15.0,464,12.7,0.0,---,---,---,---,---,---,---,---,---,---,52.35355090,0.03714720
1,5619.2,0.0,00:32:40.6,00:02:38.7,3.15,00:00:00.0,0.00,15.5,465,11.9,0.0,---,---,---,---,---,---,---,---,---,---,52.35355700,0.03697210
1,5631.9,0.0,00:32:44.4,00:02:39.7,3.13,00:00:00.0,0.00,15.5,466,12.6,0.0,---,---,---,---,---,---,---,---,---,---,52.35355730,0.03678690
1,5644.4,0.0,00:32:48.5,00:02:38.2,3.16,00:00:00.0,0.00,15.5,467,12.5,0.0,---,---,---,---,---,---,---,---,---,---,52.35355140,0.03660250
1,5656.3,0.0,00:32:52.5,00:02:39.7,3.13,00:00:00.0,0.00,15.5,468,11.9,0.0,---,---,---,---,---,---,---,---,---,---,52.35354010,0.03642860
1,5668.5,0.0,00:32:56.3,00:02:42.3,3.08,00:00:00.0,0.00,15.0,469,12.2,0.0,---,---,---,---,---,---,---,---,---,---,52.35352630,0.03625000
1,5680.7,0.0,00:33:00.3,00:02:43.3,3.06,00:00:00.0,0.00,15.0,470,12.2,0.0,---,---,---,---,---,---,---,---,---,---,52.35351350,0.03607190
1,5693.1,0.0,00:33:04.5,00:02:43.9,3.05,00:00:00.0,0.00,14.5,471,12.3,0.0,---,---,---,---,---,---,---,---,---,---,52.35349750,0.03589260
1,5705.8,0.0,00:33:08.5,00:02:43.3,3.06,00:00:00.0,0.00,15.0,472,12.7,0.0,---,---,---,---,---,---,---,---,---,---,52.35348100,0.03570750
1,5717.7,0.0,00:33:12.3,00:02:42.3,3.08,00:00:00.0,0.00,15.0,473,11.9,0.0,---,---,---,---,---,---,---,---,---,---,52.35346730,0.03553320
1,5730.1,0.0,00:33:16.5,00:02:42.3,3.08,00:00:00.0,0.00,15.0,474,12.4,0.0,---,---,---,---,---,---,---,---,---,---,52.35345610,0.03535120
1,5742.6,0.0,00:33:20.3,00:02:40.7,3.11,00:00:00.0,0.00,15.5,475,12.5,0.0,---,---,---,---,---,---,---,---,---,---,52.35344300,0.03516940
1,5754.6,0.0,00:33:24.0,00:02:39.2,3.14,00:00:00.0,0.00,15.5,476,12.0,0.0,---,---,---,---,---,---,---,---,---,---,52.35343240,0.03499340
1,5767.4,0.0,00:33:28.1,00:02:37.2,3.18,00:00:00.0,0.00,15.0,477,12.8,0.0,---,---,---,---,---,---,---,---,---,---,52.35342490,0.03480640
1,5780.1,0.0,00:33:32.1,00:02:37.7,3.17,00:00:00.0,0.00,15.0,478,12.7,0.0,---,---,---,---,---,---,---,---,---,---,52.35341970,0.03462000
1,5792.6,0.0,00:33:36.1,00:02:40.2,3.12,00:00:00.0,0.00,14.5,479,12.6,0.0,---,---,---,---,---,---,---,---,---,---,52.35342130,0.03443500
1,5804.9,0.0,00:33:39.9,00:02:38.2,3.16,00:00:00.0,0.00,15.5,480,12.2,0.0,---,---,---,---,---,---,---,---,---,---,52.35342070,0.03425510
1,5818.0,0.0,00:33:44.1,00:02:38.7,3.15,00:00:00.0,0.00,14.5,481,13.1,0.0,---,---,---,---,---,---,---,---,---,---,52.35341570,0.03406260
1,5830.7,0.0,00:33:48.1,00:02:39.7,3.13,00:00:00.0,0.00,14.5,482,12.7,0.0,---,---,---,---,---,---,---,---,---,---,52.35340450,0.03387680
1,5843.2,0.0,00:33:52.1,00:02:39.2,3.14,00:00:00.0,0.00,15.5,483,12.6,0.0,---,---,---,---,---,---,---,---,---,---,52.35338590,0.03369430
1,5868.4,0.0,00:34:03.9,00:04:02.7,2.06,00:00:00.0,0.00,14.0,484,25.2,0.0,---,---,---,---,---,---,---,---,---,---,52.35312280,0.03296150
1,5878.8,0.0,00:34:07.9,00:04:03.9,2.05,00:00:00.0,0.00,15.0,485,10.4,0.0,---,---,---,---,---,---,---,---,---,---,52.35305870,0.03285060
1,5890.0,0.0,00:34:11.7,00:03:06.5,2.68,00:00:00.0,0.00,16.0,486,11.2,0.0,---,---,---,---,---,---,---,---,---,---,52.35299090,0.03272970
1,5900.5,0.0,00:34:15.3,00:02:53.0,2.89,00:00:00.0,0.00,16.0,487,10.6,0.0,---,---,---,---,---,---,---,---,---,---,52.35293100,0.03260960
1,5912.7,0.0,00:34:19.3,00:02:46.6,3.00,00:00:00.0,0.00,15.5,488,12.2,0.0,---,---,---,---,---,---,---,---,---,---,52.35286940,0.03246130
1,5924.9,0.0,00:34:23.3,00:02:44.4,3.04,00:00:00.0,0.00,15.0,489,12.2,0.0,---,---,---,---,---,---,---,---,---,---,52.35281410,0.03230700
1,5936.6,0.0,00:34:27.3,00:02:47.2,2.99,00:00:00.0,0.00,14.5,490,11.7,0.0,---,---,---,---,---,---,---,---,---,---,52.35276530,0.03215510
1,5949.0,0.0,00:34:31.3,00:02:46.6,3.00,00:00:00.0,0.00,15.0,491,12.4,0.0,---,---,---,---,---,---,---,---,---,---,52.35271280,0.03199420
1,5960.9,0.0,00:34:35.1,00:02:43.3,3.06,00:00:00.0,0.00,15.5,492,11.9,0.0,---,---,---,---,---,---,---,---,---,---,52.35266500,0.03183730
1,5973.2,0.0,00:34:39.4,00:02:43.3,3.06,00:00:00.0,0.00,14.5,493,12.3,0.0,---,---,---,---,---,---,---,---,---,---,52.35261580,0.03167520
1,5986.7,0.0,00:34:43.3,00:02:39.2,3.14,00:00:00.0,0.00,15.0,494,13.5,0.0,---,---,---,---,---,---,---,---,---,---,52.35255300,0.03150490
1,5997.6,0.0,00:34:47.1,00:02:44.4,3.04,00:00:00.0,0.00,15.5,495,10.9,0.0,---,---,---,---,---,---,---,---,---,---,52.35250490,0.03136480
1,6009.7,0.0,00:34:51.3,00:02:55.4,2.85,00:00:00.0,0.00,15.0,496,12.1,0.0,---,---,---,---,---,---,---,---,---,---,52.35245230,0.03120970
1,6021.8,0.0,00:34:55.1,00:02:51.8,2.91,00:00:00.0,0.00,15.5,497,12.1,0.0,---,---,---,---,---,---,---,---,---,---,52.35240140,0.03105190
1,6034.3,0.0,00:34:59.1,00:02:46.1,3.01,00:00:00.0,0.00,15.0,498,12.5,0.0,---,---,---,---,---,---,---,---,---,---,52.35235250,0.03088690
1,6045.9,0.0,00:35:02.9,00:02:46.6,3.00,00:00:00.0,0.00,15.5,499,11.6,0.0,---,---,---,---,---,---,---,---,---,---,52.35230920,0.03073180
1,6057.0,0.0,00:35:06.7,00:02:55.4,2.85,00:00:00.0,0.00,15.5,500,11.1,0.0,---,---,---,---,---,---,---,---,---,---,52.35227690,0.03057670
1,6070.2,0.0,00:35:10.9,00:02:52.4,2.90,00:00:00.0,0.00,14.5,501,13.2,0.0,---,---,---,---,---,---,---,---,---,---,52.35223350,0.03039630
1,6082.6,0.0,00:35:14.7,00:02:41.8,3.09,00:00:00.0,0.00,15.5,502,12.4,0.0,---,---,---,---,---,---,---,---,---,---,52.35218790,0.03023050
1,6093.9,0.0,00:35:18.6,00:02:46.6,3.00,00:00:00.0,0.00,15.5,503,11.4,0.0,---,---,---,---,---,---,---,---,---,---,52.35215090,0.03007460
1,6107.2,0.0,00:35:22.7,00:02:47.2,2.99,00:00:00.0,0.00,15.0,504,13.2,0.0,---,---,---,---,---,---,---,---,---,---,52.35210490,0.02989530
1,6119.4,0.0,00:35:26.5,00:02:40.2,3.12,00:00:00.0,0.00,15.5,505,12.2,0.0,---,---,---,---,---,---,---,---,---,---,52.35206430,0.02972880
1,6131.5,0.0,00:35:30.5,00:02:40.7,3.11,00:00:00.0,0.00,15.0,506,12.1,0.0,---,---,---,---,---,---,---,---,---,---,52.35202360,0.02956340
1,6144.6,0.0,00:35:34.5,00:02:40.7,3.11,00:00:00.0,0.00,15.0,507,13.1,0.0,---,---,---,---,---,---,---,---,---,---,52.35197740,0.02938560
1,6156.8,0.0,00:35:38.3,00:02:39.7,3.13,00:00:00.0,0.00,15.5,508,12.2,0.0,---,---,---,---,---,---,---,---,---,---,52.35193330,0.02922090
1,6169.2,0.0,00:35:42.4,00:02:39.7,3.13,00:00:00.0,0.00,15.0,509,12.3,0.0,---,---,---,---,---,---,---,---,---,---,52.35188780,0.02905560
1,6182.0,0.0,00:35:46.3,00:02:40.2,3.12,00:00:00.0,0.00,15.5,510,12.8,0.0,---,---,---,---,---,---,---,---,---,---,52.35184130,0.02888330
1,6195.0,0.0,00:35:50.5,00:02:41.8,3.09,00:00:00.0,0.00,14.5,511,13.0,0.0,---,---,---,---,---,---,---,---,---,---,52.35179750,0.02870640
1,6206.6,0.0,00:35:54.4,00:02:42.8,3.07,00:00:00.0,0.00,15.0,512,11.6,0.0,---,---,---,---,---,---,---,---,---,---,52.35176090,0.02854600
1,6229.4,0.0,00:36:06.2,00:04:50.6,1.72,00:00:00.0,0.00,14.5,513,22.8,0.0,---,---,---,---,---,---,---,---,---,---,52.35172740,0.02784540
1,6231.6,0.0,00:36:10.3,00:20:50.0,0.40,00:00:00.0,0.00,14.0,514,2.2,0.0,---,---,---,---,---,---,---,---,---,---,52.35171060,0.02786320
